2026-08-10 18:00:24,219 [screen.py:_go_to_submenu()] - menu, {{ gettext('More') }}, panel_name=more, items=[{'more bedlevel': {'name': "{{ gettext('Bed Level') }}", 'icon': 'bed-level', 'panel': 'bed_level', 'method': None, 'confirm': None, 'enable': "{{ 'bed_screws' in printer.config_sections or 'screws_tilt_adjust' in printer.config_sections }}", 'params': '{}', 'style': None}}, {'more bedmesh': {'name': "{{ gettext('Bed Mesh') }}", 'icon': 'bed-mesh', 'panel': 'bed_mesh', 'method': None, 'confirm': None, 'enable': "{{ 'bed_mesh' in printer.config_sections }}", 'params': '{}', 'style': None}}, {'more zoffset': {'name': "{{ gettext('Z Calibrate') }}", 'icon': 'z-farther', 'panel': 'zcalibrate', 'method': None, 'confirm': None, 'enable': 'True', 'params': '{}', 'style': None}}, {'more limits': {'name': "{{ gettext('Limits') }}", 'icon': 'fine-tune', 'panel': 'limits', 'method': None, 'confirm': None, 'enable': 'True', 'params': '{}', 'style': None}}, {'more fan': {'name': "{{ gettext('Fan') }}", 'icon': 'fan', 'panel': 'fan', 'method': None, 'confirm': None, 'enable': '{{ printer.fans.count > 0 }}', 'params': '{}', 'style': None}}, {'more led': {'name': "{{ gettext('Leds') }}", 'icon': 'light', 'panel': 'led', 'method': None, 'confirm': None, 'enable': '{{ printer.leds.count > 0 }}', 'params': '{}', 'style': None}}, {'more macros': {'name': "{{ gettext('Macros') }}", 'icon': 'custom-script', 'panel': 'gcode_macros', 'method': None, 'confirm': None, 'enable': '{{ printer.gcode_macros.count > 0 }}', 'params': '{}', 'style': None}}, {'more pins': {'name': "{{ gettext('Pins') }}", 'icon': 'hashtag', 'panel': 'pins', 'method': None, 'confirm': None, 'enable': '{{ printer.output_pins.count > 0 or printer.pwm_tools.count > 0 }}', 'params': '{}', 'style': None}}, {'more power': {'name': "{{ gettext('Power') }}", 'icon': 'shutdown', 'panel': 'power', 'method': None, 'confirm': None, 'enable': '{{ moonraker.power_devices.count > 0 }}', 'params': '{}', 'style': None}}, {'more camera': {'name': "{{ gettext('Camera') }}", 'icon': 'camera', 'panel': 'camera', 'method': None, 'confirm': None, 'enable': '{{ moonraker.cameras.count > 0 }}', 'params': '{}', 'style': None}}, {'more console': {'name': "{{ gettext('Console') }}", 'icon': 'console', 'panel': 'console', 'method': None, 'confirm': None, 'enable': 'True', 'params': '{}', 'style': None}}, {'more updater': {'name': "{{ gettext('Update') }}", 'icon': 'refresh', 'panel': 'updater', 'method': None, 'confirm': None, 'enable': 'True', 'params': '{}', 'style': None}}, {'more input_shaper': {'name': "{{ gettext('Input Shaper') }}", 'icon': 'move', 'panel': 'input_shaper', 'method': None, 'confirm': None, 'enable': "{{ 'input_shaper' in printer.config_sections }}", 'params': '{}', 'style': None}}, {'more save': {'name': "{{ gettext('Save Config') }}", 'icon': 'complete', 'panel': None, 'method': 'ks_confirm_save', 'confirm': None, 'enable': 'True', 'params': '{}', 'style': None}}, {'more settings': {'name': 'KlipperScreen', 'icon': 'settings', 'panel': 'settings', 'method': None, 'confirm': None, 'enable': 'True', 'params': '{}', 'style': None}}, {'more network': {'name': "{{ gettext('Network') }}", 'icon': 'network', 'panel': 'network', 'method': None, 'confirm': None, 'enable': 'True', 'params': '{}', 'style': None}}, {'more notifications': {'name': "{{ gettext('Notifications') }}", 'icon': 'notifications', 'panel': 'notifications', 'method': None, 'confirm': None, 'enable': 'True', 'params': '{}', 'style': None}}, {'more spoolman': {'name': 'Spoolman', 'icon': 'spoolman', 'panel': 'spoolman', 'method': None, 'confirm': None, 'enable': '{{ moonraker.spoolman }}', 'params': '{}', 'style': None}}, {'more system': {'name': "{{ gettext('System') }}", 'icon': 'info', 'panel': 'system', 'method': None, 'confirm': None, 'enable': '{{ moonraker_connected }}', 'params': '{}', 'style': None}}, {'more fine_tune': {'name': "{{ gettext('Fine Tuning') }}", 'icon': 'fine-tune', 'panel': 'fine_tune', 'method': None, 'confirm': None, 'enable': 'True', 'params': '{}', 'style': None}}]
2026-08-10 18:00:24,221 [functions.py:log_start()] - --------------------KlipperScreen Log Start--------------------
2026-08-10 18:00:24,222 [functions.py:log_start()] - KlipperScreen Version: v0.4.6-64-g7f8cb47
2026-08-10 18:00:24,222 [functions.py:log_start()] - Python version: 3.9
2026-08-10 18:00:26,053 [screen.py:_menu_go_back()] - #### Menu go back
2026-08-10 18:00:26,085 [screen.py:attach_panel()] - Current panel hierarchy: main_menu
2026-08-10 17:17:39,079 [functions.py:log_start()] - --------------------KlipperScreen Log Start--------------------
2026-08-10 17:17:39,080 [functions.py:log_start()] - KlipperScreen Version: v0.4.6-64-g7f8cb47
2026-08-10 17:17:39,080 [functions.py:log_start()] - Python version: 3.9
2026-08-10 17:17:39,357 [config.py:get_config_file_location()] - Passed config (-c): .
2026-08-10 17:17:39,359 [config.py:__init__()] - Config path location: /home/biqu/printer_data/config/KlipperScreen.conf
2026-08-10 17:17:39,420 [config.py:log_config()] - ===== Config File =====
[main]
show_cursor = True
=======================
2026-08-10 17:17:39,425 [config.py:__init__()] - 
====== Saved ======

[main]
font_size = small
show_cursor = True
print_sort_dir = date_desc
print_view = list

[graph Printer]
extruder = False


2026-08-10 17:17:39,429 [config.py:__init__()] - Configured printers: [
  {
    "Printer": {
      "moonraker_host": "127.0.0.1",
      "moonraker_port": "7125",
      "moonraker_path": "",
      "moonraker_ssl": null,
      "moonraker_api_key": ""
    }
  }
]
2026-08-10 17:17:39,618 [config.py:create_translations()] - Selected lang: system_lang OS lang: en_US
2026-08-10 17:17:39,619 [config.py:install_language()] - Using lang en
2026-08-10 17:17:39,659 [screen.py:__init__()] - Display for xset: :0
2026-08-10 17:17:39,663 [screen.py:__init__()] - Screen 0: 1366x768
2026-08-10 17:17:39,663 [screen.py:__init__()] - Monitors: 1 using number: 0
2026-08-10 17:17:39,668 [screen.py:__init__()] - Wayland: False Display name: :0
2026-08-10 17:17:39,673 [screen.py:__init__()] - Screen resolution: 1366x768
2026-08-10 17:17:39,961 [KlippyGtk.py:__init__()] - Font size: 25.9 (small)
2026-08-10 17:17:40,468 [base_panel.py:battery_percentage()] - Battery information not available.
2026-08-10 17:17:40,795 [screen.py:set_dpms_timeout()] - DPMS on :0 set to: 3600
2026-08-10 17:17:40,797 [screen.py:set_screenblanking_timeout()] - Blanking timeout: 3600
2026-08-10 17:17:40,798 [screen.py:initial_connection()] - Default printer: None
2026-08-10 17:17:40,907 [screen.py:connect_printer()] - Connecting to printer: Printer
2026-08-10 17:17:40,909 [screen.py:_remove_all_panels()] - Removing all panels
2026-08-10 17:17:41,002 [screen.py:_load_panel()] - Loading panel: splash_screen
2026-08-10 17:17:41,089 [screen.py:attach_panel()] - Current panel hierarchy: splash_screen
2026-08-10 17:17:41,145 [KlippyWebsocket.py:connect()] - Attempting to connect
2026-08-10 17:17:41,146 [KlippyWebsocket.py:connect()] - Starting websocket thread
2026-08-10 17:17:41,172 [_logging.py:info()] - Websocket connected
2026-08-10 17:17:41,172 [KlippyWebsocket.py:on_open()] - Moonraker Websocket Open
2026-08-10 17:17:41,251 [screen.py:websocket_connected()] - ### websocket_connected
2026-08-10 17:17:41,314 [KlippyWebsocket.py:identify_client()] - Sending server.connection.identify
2026-08-10 17:17:41,342 [printer.py:configure_cameras()] - Cameras: [{'name': 'MAIN-WEBCAM', 'enabled': True, 'icon': 'mdiWebcam', 'aspect_ratio': '4:3', 'target_fps': 15, 'target_fps_idle': 15, 'location': 'printer', 'service': 'mjpegstreamer-adaptive', 'stream_url': '/webcam/?action=stream', 'snapshot_url': '/webcam/?action=snapshot', 'flip_horizontal': False, 'flip_vertical': False, 'rotation': 0, 'source': 'database', 'extra_data': {}, 'uid': '6db9fdef-ebb0-4c42-8a1a-f022bbcfdb1a'}]
2026-08-10 17:17:41,364 [screen.py:init_klipper()] - Moonraker info {'klippy_connected': True, 'klippy_state': 'ready', 'components': ['secrets', 'template', 'klippy_connection', 'jsonrpc', 'internal_transport', 'application', 'websockets', 'database', 'dbus_manager', 'file_manager', 'authorization', 'klippy_apis', 'shell_command', 'machine', 'data_store', 'proc_stats', 'job_state', 'job_queue', 'history', 'http_client', 'announcements', 'webcam', 'extensions', 'octoprint_compat', 'timelapse', 'update_manager'], 'failed_components': [], 'registered_directories': ['config', 'logs', 'gcodes', 'timelapse', 'timelapse_frames', 'config_examples', 'docs'], 'warnings': [], 'websocket_count': 1, 'moonraker_version': 'v0.9.3-130-g5b92e52', 'missing_klippy_requirements': [], 'api_version': [1, 5, 0], 'api_version_string': '1.5.0'}
2026-08-10 17:17:41,482 [printer.py:log_counts()] - Klipper version: v0.13.0-435-g8b58aa13-dirty
2026-08-10 17:17:41,483 [printer.py:log_counts()] - # Extruders: 1
2026-08-10 17:17:41,483 [printer.py:log_counts()] - # Temperature devices: 4
2026-08-10 17:17:41,484 [printer.py:log_counts()] - # Fans: 4
2026-08-10 17:17:41,484 [printer.py:log_counts()] - # Output pins: 1
2026-08-10 17:17:41,485 [printer.py:log_counts()] - # PWM tools: 0
2026-08-10 17:17:41,485 [printer.py:log_counts()] - # Leds: 2
2026-08-10 17:17:41,758 [KlippyWebsocket.py:object_subscription()] - Sending printer.objects.subscribe
2026-08-10 17:17:41,761 [files.py:set_gcodes_path()] - Gcodes path: /home/biqu/printer_data/gcodes
2026-08-10 17:17:41,762 [screen.py:init_klipper()] - Printer initialized
2026-08-10 17:17:41,765 [printer.py:change_state()] - Changing state from 'disconnected' to 'ready'
2026-08-10 17:17:41,766 [printer.py:change_state()] - Adding callback for state: ready
2026-08-10 17:17:41,851 [screen.py:set_dpms_timeout()] - DPMS on :0 set to: 3600
2026-08-10 17:17:41,852 [screen.py:set_screenblanking_timeout()] - Blanking timeout: 3600
2026-08-10 17:17:41,853 [KlippyWebsocket.py:get_file_list()] - Sending server.files.list
2026-08-10 17:17:41,870 [screen.py:_remove_all_panels()] - Removing all panels
2026-08-10 17:17:42,012 [screen.py:_load_panel()] - Loading panel: main_menu
2026-08-10 17:17:42,547 [main_menu.py:__init__()] - ### Making MainMenu
2026-08-10 17:17:42,570 [main_menu.py:add_device()] - Adding device: extruder
2026-08-10 17:17:42,587 [main_menu.py:add_device()] - Adding device: heater_bed
2026-08-10 17:17:42,607 [main_menu.py:add_device()] - Adding device: temperature_sensor mcu_temp
2026-08-10 17:17:42,623 [main_menu.py:add_device()] - Adding device: temperature_sensor Host_temp
2026-08-10 17:17:42,632 [main_menu.py:add_device()] - Adding device: temperature_sensor Toolhead_Temp
2026-08-10 17:17:42,678 [menu.py:arrangeMenuItems()] - X > gcodes
2026-08-10 17:17:42,692 [screen.py:attach_panel()] - Current panel hierarchy: main_menu
2026-08-10 17:17:42,746 [printer.py:init_temp_store()] - Temp store: ['heater_bed', 'temperature_sensor mcu_temp', 'temperature_sensor Host_temp', 'temperature_sensor Toolhead_Temp', 'extruder']
2026-08-10 17:17:42,773 [screen.py:init_tempstore()] - Temperature store size: 1200
2026-08-13 16:06:20,740 [screen.py:_load_panel()] - Loading panel: move
2026-08-13 16:06:20,870 [screen.py:attach_panel()] - Current panel hierarchy: main_menu > move
2026-08-13 16:06:21,645 [screen.py:_load_panel()] - Loading panel: menu
2026-08-13 16:06:21,797 [screen.py:attach_panel()] - Current panel hierarchy: main_menu > move > menu
2026-08-13 16:06:21,826 [menu.py:arrangeMenuItems()] - X > homing Z-Tilt
2026-08-13 16:06:23,553 [screen.py:_menu_go_back()] - #### Menu go back
2026-08-13 16:06:23,579 [screen.py:attach_panel()] - Current panel hierarchy: main_menu > move
2026-08-13 16:06:24,097 [screen.py:_menu_go_back()] - #### Menu go back
2026-08-13 16:06:24,126 [screen.py:attach_panel()] - Current panel hierarchy: main_menu
2026-08-13 16:06:26,281 [screen.py:_go_to_submenu()] - #### Go to submenu more
2026-08-13 16:06:26,282 [screen.py:_go_to_submenu()] - #### Menu __main
2026-08-13 16:06:26,291 [screen.py:_load_panel()] - Loading panel: menu
2026-08-13 16:06:26,378 [menu.py:evaluate_enable()] - moonraker connected True
2026-08-13 16:06:26,670 [screen.py:attach_panel()] - Current panel hierarchy: main_menu > more
2026-08-13 16:06:26,686 [menu.py:arrangeMenuItems()] - X > more bedlevel
2026-08-13 16:06:26,726 [menu.py:arrangeMenuItems()] - X > more power
2026-08-13 16:06:26,757 [menu.py:arrangeMenuItems()] - X > more spoolman
2026-08-13 16:06:26,757 [menu.py:evaluate_enable()] - moonraker connected True
2026-08-13 16:06:26,787 [screen.py:_go_to_submenu()] - menu, {{ gettext('More') }}, panel_name=more, items=[{'more bedlevel': {'name': "{{ gettext('Bed Level') }}", 'icon': 'bed-level', 'panel': 'bed_level', 'method': None, 'confirm': None, 'enable': "{{ 'bed_screws' in printer.config_sections or 'screws_tilt_adjust' in printer.config_sections }}", 'params': '{}', 'style': None}}, {'more bedmesh': {'name': "{{ gettext('Bed Mesh') }}", 'icon': 'bed-mesh', 'panel': 'bed_mesh', 'method': None, 'confirm': None, 'enable': "{{ 'bed_mesh' in printer.config_sections }}", 'params': '{}', 'style': None}}, {'more zoffset': {'name': "{{ gettext('Z Calibrate') }}", 'icon': 'z-farther', 'panel': 'zcalibrate', 'method': None, 'confirm': None, 'enable': 'True', 'params': '{}', 'style': None}}, {'more limits': {'name': "{{ gettext('Limits') }}", 'icon': 'fine-tune', 'panel': 'limits', 'method': None, 'confirm': None, 'enable': 'True', 'params': '{}', 'style': None}}, {'more fan': {'name': "{{ gettext('Fan') }}", 'icon': 'fan', 'panel': 'fan', 'method': None, 'confirm': None, 'enable': '{{ printer.fans.count > 0 }}', 'params': '{}', 'style': None}}, {'more led': {'name': "{{ gettext('Leds') }}", 'icon': 'light', 'panel': 'led', 'method': None, 'confirm': None, 'enable': '{{ printer.leds.count > 0 }}', 'params': '{}', 'style': None}}, {'more macros': {'name': "{{ gettext('Macros') }}", 'icon': 'custom-script', 'panel': 'gcode_macros', 'method': None, 'confirm': None, 'enable': '{{ printer.gcode_macros.count > 0 }}', 'params': '{}', 'style': None}}, {'more pins': {'name': "{{ gettext('Pins') }}", 'icon': 'hashtag', 'panel': 'pins', 'method': None, 'confirm': None, 'enable': '{{ printer.output_pins.count > 0 or printer.pwm_tools.count > 0 }}', 'params': '{}', 'style': None}}, {'more power': {'name': "{{ gettext('Power') }}", 'icon': 'shutdown', 'panel': 'power', 'method': None, 'confirm': None, 'enable': '{{ moonraker.power_devices.count > 0 }}', 'params': '{}', 'style': None}}, {'more camera': {'name': "{{ gettext('Camera') }}", 'icon': 'camera', 'panel': 'camera', 'method': None, 'confirm': None, 'enable': '{{ moonraker.cameras.count > 0 }}', 'params': '{}', 'style': None}}, {'more console': {'name': "{{ gettext('Console') }}", 'icon': 'console', 'panel': 'console', 'method': None, 'confirm': None, 'enable': 'True', 'params': '{}', 'style': None}}, {'more updater': {'name': "{{ gettext('Update') }}", 'icon': 'refresh', 'panel': 'updater', 'method': None, 'confirm': None, 'enable': 'True', 'params': '{}', 'style': None}}, {'more input_shaper': {'name': "{{ gettext('Input Shaper') }}", 'icon': 'move', 'panel': 'input_shaper', 'method': None, 'confirm': None, 'enable': "{{ 'input_shaper' in printer.config_sections }}", 'params': '{}', 'style': None}}, {'more save': {'name': "{{ gettext('Save Config') }}", 'icon': 'complete', 'panel': None, 'method': 'ks_confirm_save', 'confirm': None, 'enable': 'True', 'params': '{}', 'style': None}}, {'more settings': {'name': 'KlipperScreen', 'icon': 'settings', 'panel': 'settings', 'method': None, 'confirm': None, 'enable': 'True', 'params': '{}', 'style': None}}, {'more network': {'name': "{{ gettext('Network') }}", 'icon': 'network', 'panel': 'network', 'method': None, 'confirm': None, 'enable': 'True', 'params': '{}', 'style': None}}, {'more notifications': {'name': "{{ gettext('Notifications') }}", 'icon': 'notifications', 'panel': 'notifications', 'method': None, 'confirm': None, 'enable': 'True', 'params': '{}', 'style': None}}, {'more spoolman': {'name': 'Spoolman', 'icon': 'spoolman', 'panel': 'spoolman', 'method': None, 'confirm': None, 'enable': '{{ moonraker.spoolman }}', 'params': '{}', 'style': None}}, {'more system': {'name': "{{ gettext('System') }}", 'icon': 'info', 'panel': 'system', 'method': None, 'confirm': None, 'enable': '{{ moonraker_connected }}', 'params': '{}', 'style': None}}, {'more fine_tune': {'name': "{{ gettext('Fine Tuning') }}", 'icon': 'fine-tune', 'panel': 'fine_tune', 'method': None, 'confirm': None, 'enable': 'True', 'params': '{}', 'style': None}}]
2026-08-13 16:06:27,964 [screen.py:_load_panel()] - Loading panel: gcode_macros
2026-08-13 16:06:28,011 [screen.py:attach_panel()] - Current panel hierarchy: main_menu > more > gcode_macros
2026-08-13 16:06:31,386 [screen.py:_menu_go_back()] - #### Menu go back
2026-08-13 16:06:31,433 [screen.py:attach_panel()] - Current panel hierarchy: main_menu > more
2026-08-13 16:06:31,451 [menu.py:arrangeMenuItems()] - X > more bedlevel
2026-08-13 16:06:31,490 [menu.py:arrangeMenuItems()] - X > more power
2026-08-13 16:06:31,521 [menu.py:arrangeMenuItems()] - X > more spoolman
2026-08-13 16:06:31,521 [menu.py:evaluate_enable()] - moonraker connected True
2026-08-13 16:06:32,259 [screen.py:_menu_go_back()] - #### Menu go back
2026-08-13 16:06:32,315 [screen.py:attach_panel()] - Current panel hierarchy: main_menu
2026-08-13 16:06:34,716 [screen.py:_go_to_submenu()] - #### Go to submenu more
2026-08-13 16:06:34,716 [screen.py:_go_to_submenu()] - #### Menu __main
2026-08-13 16:06:34,789 [screen.py:attach_panel()] - Current panel hierarchy: main_menu > more
2026-08-13 16:06:34,806 [menu.py:arrangeMenuItems()] - X > more bedlevel
2026-08-13 16:06:34,848 [menu.py:arrangeMenuItems()] - X > more power
2026-08-13 16:06:34,878 [menu.py:arrangeMenuItems()] - X > more spoolman
2026-08-13 16:06:34,879 [menu.py:evaluate_enable()] - moonraker connected True
2026-08-13 16:06:34,902 [screen.py:_go_to_submenu()] - menu, {{ gettext('More') }}, panel_name=more, items=[{'more bedlevel': {'name': "{{ gettext('Bed Level') }}", 'icon': 'bed-level', 'panel': 'bed_level', 'method': None, 'confirm': None, 'enable': "{{ 'bed_screws' in printer.config_sections or 'screws_tilt_adjust' in printer.config_sections }}", 'params': '{}', 'style': None}}, {'more bedmesh': {'name': "{{ gettext('Bed Mesh') }}", 'icon': 'bed-mesh', 'panel': 'bed_mesh', 'method': None, 'confirm': None, 'enable': "{{ 'bed_mesh' in printer.config_sections }}", 'params': '{}', 'style': None}}, {'more zoffset': {'name': "{{ gettext('Z Calibrate') }}", 'icon': 'z-farther', 'panel': 'zcalibrate', 'method': None, 'confirm': None, 'enable': 'True', 'params': '{}', 'style': None}}, {'more limits': {'name': "{{ gettext('Limits') }}", 'icon': 'fine-tune', 'panel': 'limits', 'method': None, 'confirm': None, 'enable': 'True', 'params': '{}', 'style': None}}, {'more fan': {'name': "{{ gettext('Fan') }}", 'icon': 'fan', 'panel': 'fan', 'method': None, 'confirm': None, 'enable': '{{ printer.fans.count > 0 }}', 'params': '{}', 'style': None}}, {'more led': {'name': "{{ gettext('Leds') }}", 'icon': 'light', 'panel': 'led', 'method': None, 'confirm': None, 'enable': '{{ printer.leds.count > 0 }}', 'params': '{}', 'style': None}}, {'more macros': {'name': "{{ gettext('Macros') }}", 'icon': 'custom-script', 'panel': 'gcode_macros', 'method': None, 'confirm': None, 'enable': '{{ printer.gcode_macros.count > 0 }}', 'params': '{}', 'style': None}}, {'more pins': {'name': "{{ gettext('Pins') }}", 'icon': 'hashtag', 'panel': 'pins', 'method': None, 'confirm': None, 'enable': '{{ printer.output_pins.count > 0 or printer.pwm_tools.count > 0 }}', 'params': '{}', 'style': None}}, {'more power': {'name': "{{ gettext('Power') }}", 'icon': 'shutdown', 'panel': 'power', 'method': None, 'confirm': None, 'enable': '{{ moonraker.power_devices.count > 0 }}', 'params': '{}', 'style': None}}, {'more camera': {'name': "{{ gettext('Camera') }}", 'icon': 'camera', 'panel': 'camera', 'method': None, 'confirm': None, 'enable': '{{ moonraker.cameras.count > 0 }}', 'params': '{}', 'style': None}}, {'more console': {'name': "{{ gettext('Console') }}", 'icon': 'console', 'panel': 'console', 'method': None, 'confirm': None, 'enable': 'True', 'params': '{}', 'style': None}}, {'more updater': {'name': "{{ gettext('Update') }}", 'icon': 'refresh', 'panel': 'updater', 'method': None, 'confirm': None, 'enable': 'True', 'params': '{}', 'style': None}}, {'more input_shaper': {'name': "{{ gettext('Input Shaper') }}", 'icon': 'move', 'panel': 'input_shaper', 'method': None, 'confirm': None, 'enable': "{{ 'input_shaper' in printer.config_sections }}", 'params': '{}', 'style': None}}, {'more save': {'name': "{{ gettext('Save Config') }}", 'icon': 'complete', 'panel': None, 'method': 'ks_confirm_save', 'confirm': None, 'enable': 'True', 'params': '{}', 'style': None}}, {'more settings': {'name': 'KlipperScreen', 'icon': 'settings', 'panel': 'settings', 'method': None, 'confirm': None, 'enable': 'True', 'params': '{}', 'style': None}}, {'more network': {'name': "{{ gettext('Network') }}", 'icon': 'network', 'panel': 'network', 'method': None, 'confirm': None, 'enable': 'True', 'params': '{}', 'style': None}}, {'more notifications': {'name': "{{ gettext('Notifications') }}", 'icon': 'notifications', 'panel': 'notifications', 'method': None, 'confirm': None, 'enable': 'True', 'params': '{}', 'style': None}}, {'more spoolman': {'name': 'Spoolman', 'icon': 'spoolman', 'panel': 'spoolman', 'method': None, 'confirm': None, 'enable': '{{ moonraker.spoolman }}', 'params': '{}', 'style': None}}, {'more system': {'name': "{{ gettext('System') }}", 'icon': 'info', 'panel': 'system', 'method': None, 'confirm': None, 'enable': '{{ moonraker_connected }}', 'params': '{}', 'style': None}}, {'more fine_tune': {'name': "{{ gettext('Fine Tuning') }}", 'icon': 'fine-tune', 'panel': 'fine_tune', 'method': None, 'confirm': None, 'enable': 'True', 'params': '{}', 'style': None}}]
2026-08-13 16:06:37,531 [screen.py:_menu_go_back()] - #### Menu go back
2026-08-13 16:06:37,563 [screen.py:attach_panel()] - Current panel hierarchy: main_menu
2026-08-13 16:06:38,455 [base_panel.py:battery_percentage()] - Battery information not available.
2026-08-13 16:06:41,470 [screen.py:attach_panel()] - Current panel hierarchy: main_menu > move
2026-08-13 16:06:42,579 [screen.py:_menu_go_back()] - #### Menu go back
2026-08-13 16:06:42,609 [screen.py:attach_panel()] - Current panel hierarchy: main_menu
2026-08-13 16:06:43,595 [screen.py:_go_to_submenu()] - #### Go to submenu more
2026-08-13 16:06:43,595 [screen.py:_go_to_submenu()] - #### Menu __main
2026-08-13 16:06:43,637 [screen.py:attach_panel()] - Current panel hierarchy: main_menu > more
2026-08-13 16:06:43,654 [menu.py:arrangeMenuItems()] - X > more bedlevel
2026-08-13 16:06:43,694 [menu.py:arrangeMenuItems()] - X > more power
2026-08-13 16:06:43,725 [menu.py:arrangeMenuItems()] - X > more spoolman
2026-08-13 16:06:43,726 [menu.py:evaluate_enable()] - moonraker connected True
2026-08-13 16:06:43,754 [screen.py:_go_to_submenu()] - menu, {{ gettext('More') }}, panel_name=more, items=[{'more bedlevel': {'name': "{{ gettext('Bed Level') }}", 'icon': 'bed-level', 'panel': 'bed_level', 'method': None, 'confirm': None, 'enable': "{{ 'bed_screws' in printer.config_sections or 'screws_tilt_adjust' in printer.config_sections }}", 'params': '{}', 'style': None}}, {'more bedmesh': {'name': "{{ gettext('Bed Mesh') }}", 'icon': 'bed-mesh', 'panel': 'bed_mesh', 'method': None, 'confirm': None, 'enable': "{{ 'bed_mesh' in printer.config_sections }}", 'params': '{}', 'style': None}}, {'more zoffset': {'name': "{{ gettext('Z Calibrate') }}", 'icon': 'z-farther', 'panel': 'zcalibrate', 'method': None, 'confirm': None, 'enable': 'True', 'params': '{}', 'style': None}}, {'more limits': {'name': "{{ gettext('Limits') }}", 'icon': 'fine-tune', 'panel': 'limits', 'method': None, 'confirm': None, 'enable': 'True', 'params': '{}', 'style': None}}, {'more fan': {'name': "{{ gettext('Fan') }}", 'icon': 'fan', 'panel': 'fan', 'method': None, 'confirm': None, 'enable': '{{ printer.fans.count > 0 }}', 'params': '{}', 'style': None}}, {'more led': {'name': "{{ gettext('Leds') }}", 'icon': 'light', 'panel': 'led', 'method': None, 'confirm': None, 'enable': '{{ printer.leds.count > 0 }}', 'params': '{}', 'style': None}}, {'more macros': {'name': "{{ gettext('Macros') }}", 'icon': 'custom-script', 'panel': 'gcode_macros', 'method': None, 'confirm': None, 'enable': '{{ printer.gcode_macros.count > 0 }}', 'params': '{}', 'style': None}}, {'more pins': {'name': "{{ gettext('Pins') }}", 'icon': 'hashtag', 'panel': 'pins', 'method': None, 'confirm': None, 'enable': '{{ printer.output_pins.count > 0 or printer.pwm_tools.count > 0 }}', 'params': '{}', 'style': None}}, {'more power': {'name': "{{ gettext('Power') }}", 'icon': 'shutdown', 'panel': 'power', 'method': None, 'confirm': None, 'enable': '{{ moonraker.power_devices.count > 0 }}', 'params': '{}', 'style': None}}, {'more camera': {'name': "{{ gettext('Camera') }}", 'icon': 'camera', 'panel': 'camera', 'method': None, 'confirm': None, 'enable': '{{ moonraker.cameras.count > 0 }}', 'params': '{}', 'style': None}}, {'more console': {'name': "{{ gettext('Console') }}", 'icon': 'console', 'panel': 'console', 'method': None, 'confirm': None, 'enable': 'True', 'params': '{}', 'style': None}}, {'more updater': {'name': "{{ gettext('Update') }}", 'icon': 'refresh', 'panel': 'updater', 'method': None, 'confirm': None, 'enable': 'True', 'params': '{}', 'style': None}}, {'more input_shaper': {'name': "{{ gettext('Input Shaper') }}", 'icon': 'move', 'panel': 'input_shaper', 'method': None, 'confirm': None, 'enable': "{{ 'input_shaper' in printer.config_sections }}", 'params': '{}', 'style': None}}, {'more save': {'name': "{{ gettext('Save Config') }}", 'icon': 'complete', 'panel': None, 'method': 'ks_confirm_save', 'confirm': None, 'enable': 'True', 'params': '{}', 'style': None}}, {'more settings': {'name': 'KlipperScreen', 'icon': 'settings', 'panel': 'settings', 'method': None, 'confirm': None, 'enable': 'True', 'params': '{}', 'style': None}}, {'more network': {'name': "{{ gettext('Network') }}", 'icon': 'network', 'panel': 'network', 'method': None, 'confirm': None, 'enable': 'True', 'params': '{}', 'style': None}}, {'more notifications': {'name': "{{ gettext('Notifications') }}", 'icon': 'notifications', 'panel': 'notifications', 'method': None, 'confirm': None, 'enable': 'True', 'params': '{}', 'style': None}}, {'more spoolman': {'name': 'Spoolman', 'icon': 'spoolman', 'panel': 'spoolman', 'method': None, 'confirm': None, 'enable': '{{ moonraker.spoolman }}', 'params': '{}', 'style': None}}, {'more system': {'name': "{{ gettext('System') }}", 'icon': 'info', 'panel': 'system', 'method': None, 'confirm': None, 'enable': '{{ moonraker_connected }}', 'params': '{}', 'style': None}}, {'more fine_tune': {'name': "{{ gettext('Fine Tuning') }}", 'icon': 'fine-tune', 'panel': 'fine_tune', 'method': None, 'confirm': None, 'enable': 'True', 'params': '{}', 'style': None}}]
2026-08-13 16:06:46,775 [screen.py:attach_panel()] - Current panel hierarchy: main_menu > more > gcode_macros
2026-08-13 16:06:57,179 [screen.py:_menu_go_back()] - #### Menu go back
2026-08-13 16:06:57,223 [screen.py:attach_panel()] - Current panel hierarchy: main_menu > more
2026-08-13 16:06:57,239 [menu.py:arrangeMenuItems()] - X > more bedlevel
2026-08-13 16:06:57,283 [menu.py:arrangeMenuItems()] - X > more power
2026-08-13 16:06:57,313 [menu.py:arrangeMenuItems()] - X > more spoolman
2026-08-13 16:06:57,314 [menu.py:evaluate_enable()] - moonraker connected True
2026-08-13 16:07:01,647 [screen.py:_load_panel()] - Loading panel: settings
2026-08-13 16:07:01,933 [screen.py:attach_panel()] - Current panel hierarchy: main_menu > more > settings
2026-08-13 16:07:03,003 [screen.py:_menu_go_back()] - #### Menu go back
2026-08-13 16:07:03,037 [screen.py:attach_panel()] - Current panel hierarchy: main_menu > more
2026-08-13 16:07:03,054 [menu.py:arrangeMenuItems()] - X > more bedlevel
2026-08-13 16:07:03,094 [menu.py:arrangeMenuItems()] - X > more power
2026-08-13 16:07:03,125 [menu.py:arrangeMenuItems()] - X > more spoolman
2026-08-13 16:07:03,126 [menu.py:evaluate_enable()] - moonraker connected True
2026-08-13 16:07:05,516 [screen.py:_menu_go_back()] - #### Menu go back
2026-08-13 16:07:05,571 [screen.py:attach_panel()] - Current panel hierarchy: main_menu
2026-08-13 16:07:09,579 [screen.py:_go_to_submenu()] - #### Go to submenu more
2026-08-13 16:07:09,580 [screen.py:_go_to_submenu()] - #### Menu __main
2026-08-13 16:07:09,641 [screen.py:attach_panel()] - Current panel hierarchy: main_menu > more
2026-08-13 16:07:09,657 [menu.py:arrangeMenuItems()] - X > more bedlevel
2026-08-13 16:07:09,697 [menu.py:arrangeMenuItems()] - X > more power
2026-08-13 16:07:09,729 [menu.py:arrangeMenuItems()] - X > more spoolman
2026-08-13 16:07:09,729 [menu.py:evaluate_enable()] - moonraker connected True
2026-08-13 16:07:09,752 [screen.py:_go_to_submenu()] - menu, {{ gettext('More') }}, panel_name=more, items=[{'more bedlevel': {'name': "{{ gettext('Bed Level') }}", 'icon': 'bed-level', 'panel': 'bed_level', 'method': None, 'confirm': None, 'enable': "{{ 'bed_screws' in printer.config_sections or 'screws_tilt_adjust' in printer.config_sections }}", 'params': '{}', 'style': None}}, {'more bedmesh': {'name': "{{ gettext('Bed Mesh') }}", 'icon': 'bed-mesh', 'panel': 'bed_mesh', 'method': None, 'confirm': None, 'enable': "{{ 'bed_mesh' in printer.config_sections }}", 'params': '{}', 'style': None}}, {'more zoffset': {'name': "{{ gettext('Z Calibrate') }}", 'icon': 'z-farther', 'panel': 'zcalibrate', 'method': None, 'confirm': None, 'enable': 'True', 'params': '{}', 'style': None}}, {'more limits': {'name': "{{ gettext('Limits') }}", 'icon': 'fine-tune', 'panel': 'limits', 'method': None, 'confirm': None, 'enable': 'True', 'params': '{}', 'style': None}}, {'more fan': {'name': "{{ gettext('Fan') }}", 'icon': 'fan', 'panel': 'fan', 'method': None, 'confirm': None, 'enable': '{{ printer.fans.count > 0 }}', 'params': '{}', 'style': None}}, {'more led': {'name': "{{ gettext('Leds') }}", 'icon': 'light', 'panel': 'led', 'method': None, 'confirm': None, 'enable': '{{ printer.leds.count > 0 }}', 'params': '{}', 'style': None}}, {'more macros': {'name': "{{ gettext('Macros') }}", 'icon': 'custom-script', 'panel': 'gcode_macros', 'method': None, 'confirm': None, 'enable': '{{ printer.gcode_macros.count > 0 }}', 'params': '{}', 'style': None}}, {'more pins': {'name': "{{ gettext('Pins') }}", 'icon': 'hashtag', 'panel': 'pins', 'method': None, 'confirm': None, 'enable': '{{ printer.output_pins.count > 0 or printer.pwm_tools.count > 0 }}', 'params': '{}', 'style': None}}, {'more power': {'name': "{{ gettext('Power') }}", 'icon': 'shutdown', 'panel': 'power', 'method': None, 'confirm': None, 'enable': '{{ moonraker.power_devices.count > 0 }}', 'params': '{}', 'style': None}}, {'more camera': {'name': "{{ gettext('Camera') }}", 'icon': 'camera', 'panel': 'camera', 'method': None, 'confirm': None, 'enable': '{{ moonraker.cameras.count > 0 }}', 'params': '{}', 'style': None}}, {'more console': {'name': "{{ gettext('Console') }}", 'icon': 'console', 'panel': 'console', 'method': None, 'confirm': None, 'enable': 'True', 'params': '{}', 'style': None}}, {'more updater': {'name': "{{ gettext('Update') }}", 'icon': 'refresh', 'panel': 'updater', 'method': None, 'confirm': None, 'enable': 'True', 'params': '{}', 'style': None}}, {'more input_shaper': {'name': "{{ gettext('Input Shaper') }}", 'icon': 'move', 'panel': 'input_shaper', 'method': None, 'confirm': None, 'enable': "{{ 'input_shaper' in printer.config_sections }}", 'params': '{}', 'style': None}}, {'more save': {'name': "{{ gettext('Save Config') }}", 'icon': 'complete', 'panel': None, 'method': 'ks_confirm_save', 'confirm': None, 'enable': 'True', 'params': '{}', 'style': None}}, {'more settings': {'name': 'KlipperScreen', 'icon': 'settings', 'panel': 'settings', 'method': None, 'confirm': None, 'enable': 'True', 'params': '{}', 'style': None}}, {'more network': {'name': "{{ gettext('Network') }}", 'icon': 'network', 'panel': 'network', 'method': None, 'confirm': None, 'enable': 'True', 'params': '{}', 'style': None}}, {'more notifications': {'name': "{{ gettext('Notifications') }}", 'icon': 'notifications', 'panel': 'notifications', 'method': None, 'confirm': None, 'enable': 'True', 'params': '{}', 'style': None}}, {'more spoolman': {'name': 'Spoolman', 'icon': 'spoolman', 'panel': 'spoolman', 'method': None, 'confirm': None, 'enable': '{{ moonraker.spoolman }}', 'params': '{}', 'style': None}}, {'more system': {'name': "{{ gettext('System') }}", 'icon': 'info', 'panel': 'system', 'method': None, 'confirm': None, 'enable': '{{ moonraker_connected }}', 'params': '{}', 'style': None}}, {'more fine_tune': {'name': "{{ gettext('Fine Tuning') }}", 'icon': 'fine-tune', 'panel': 'fine_tune', 'method': None, 'confirm': None, 'enable': 'True', 'params': '{}', 'style': None}}]
2026-08-13 16:07:12,669 [screen.py:_load_panel()] - Loading panel: console
2026-08-13 16:07:12,733 [screen.py:attach_panel()] - Current panel hierarchy: main_menu > more > console
2026-08-13 16:07:56,337 [KlippyWebsocket.py:gcode_script()] - Sending printer.gcode.script: UNLOAD_FILAMENT
2026-08-13 16:09:31,345 [KlippyWebsocket.py:gcode_script()] - Sending printer.gcode.script: LOAD_FILAMENT
2026-08-13 16:10:33,900 [screen.py:_menu_go_back()] - #### Menu go back
2026-08-13 16:10:33,935 [screen.py:attach_panel()] - Current panel hierarchy: main_menu > more
2026-08-13 16:10:33,952 [menu.py:arrangeMenuItems()] - X > more bedlevel
2026-08-13 16:10:33,993 [menu.py:arrangeMenuItems()] - X > more power
2026-08-13 16:10:34,024 [menu.py:arrangeMenuItems()] - X > more spoolman
2026-08-13 16:10:34,025 [menu.py:evaluate_enable()] - moonraker connected True
2026-08-13 16:10:34,548 [screen.py:_menu_go_back()] - #### Menu go back
2026-08-13 16:10:34,583 [screen.py:attach_panel()] - Current panel hierarchy: main_menu
2026-08-13 16:12:33,399 [screen.py:_load_panel()] - Loading panel: gcodes
2026-08-13 16:12:33,435 [gcodes.py:__init__()] - Thumbsize: 196.3
2026-08-13 16:12:33,441 [gcodes.py:__init__()] - list
2026-08-13 16:12:33,451 [KlippyWebsocket.py:get_dir_info()] - Sending server.files.get_directory  gcodes
2026-08-13 16:12:33,469 [screen.py:attach_panel()] - Current panel hierarchy: main_menu > gcodes
2026-08-13 16:12:36,338 [gcodes.py:load_files()] - Loaded in 2.576 seconds
2026-08-13 16:12:37,739 [screen.py:_menu_go_back()] - #### Menu go back
2026-08-13 16:12:37,824 [screen.py:attach_panel()] - Current panel hierarchy: main_menu
2026-08-13 16:12:39,295 [screen.py:attach_panel()] - Current panel hierarchy: main_menu > gcodes
2026-08-13 16:12:41,802 [KlippyRest.py:_do_request()] - 500 Server Error>>Internal Server Error for url>>http://127.0.0.1:7125/server/history/job?uid=None
2026-08-13 16:12:41,878 [KlippyGtk.py:Dialog()] - Showing dialog Print Screw_PLA_0.3_42m49s.gcode (width=1366, height=768)
2026-08-13 16:12:44,286 [KlippyGtk.py:remove_dialog()] - Removing Dialog
2026-08-13 16:12:44,287 [gcodes.py:confirm_print_response()] - Starting print: Screw_PLA_0.3_42m49s.gcode
2026-08-13 16:12:44,287 [KlippyWebsocket.py:print_start()] - Sending printer.print.start
2026-08-13 16:12:44,669 [printer.py:change_state()] - Changing state from 'ready' to 'printing'
2026-08-13 16:12:44,669 [printer.py:change_state()] - Adding callback for state: printing
2026-08-13 16:12:44,735 [screen.py:set_dpms_timeout()] - DPMS on :0 set to: 3600
2026-08-13 16:12:44,735 [screen.py:set_screenblanking_timeout()] - Blanking timeout: 3600
2026-08-13 16:12:44,736 [screen.py:_remove_all_panels()] - Removing all panels
2026-08-13 16:12:44,918 [screen.py:_load_panel()] - Loading panel: job_status
2026-08-13 16:12:45,141 [screen.py:attach_panel()] - Current panel hierarchy: job_status
2026-08-13 16:12:45,158 [job_status.py:set_state()] - Changing job_status state from 'standby' to 'printing'
2026-08-13 16:12:45,189 [job_status.py:update_filename()] - Updating filename to Screw_PLA_0.3_42m49s.gcode
2026-08-13 16:12:45,190 [job_status.py:_update_file_metadata()] - Update Metadata. File: Screw_PLA_0.3_42m49s.gcode Size: 6289545
2026-08-13 16:33:22,712 [KlippyGtk.py:Dialog()] - Showing dialog Cancel (width=1366, height=768)
2026-08-13 16:33:23,930 [KlippyGtk.py:remove_dialog()] - Removing Dialog
2026-08-13 16:33:23,931 [job_status.py:cancel_confirm()] - Canceling print
2026-08-13 16:33:23,937 [job_status.py:set_state()] - Changing job_status state from 'printing' to 'cancelling'
2026-08-13 16:33:23,955 [KlippyWebsocket.py:print_cancel()] - Sending printer.print.cancel
2026-08-13 16:33:24,397 [printer.py:change_state()] - Changing state from 'printing' to 'ready'
2026-08-13 16:33:24,398 [printer.py:change_state()] - Adding callback for state: ready
2026-08-13 16:33:24,427 [job_status.py:set_state()] - Changing job_status state from 'cancelling' to 'cancelled'
2026-08-13 16:33:24,531 [screen.py:set_dpms_timeout()] - DPMS on :0 set to: 3600
2026-08-13 16:33:24,532 [screen.py:set_screenblanking_timeout()] - Blanking timeout: 3600
2026-08-13 16:33:27,103 [screen.py:show_popup_message()] - error: Unknown gcode_macro variable 'record_extruder_temp'
2026-08-13 16:38:34,291 [job_status.py:close_panel()] - Closing job_status panel
2026-08-13 16:38:34,291 [KlippyWebsocket.py:get_file_list()] - Sending server.files.list
2026-08-13 16:38:34,295 [screen.py:_remove_all_panels()] - Removing all panels
2026-08-13 16:38:34,418 [screen.py:show_panel()] - Reinitializing panel main_menu
2026-08-13 16:38:34,556 [main_menu.py:__init__()] - ### Making MainMenu
2026-08-13 16:38:34,639 [main_menu.py:add_device()] - Adding device: extruder
2026-08-13 16:38:34,649 [main_menu.py:add_device()] - Adding device: heater_bed
2026-08-13 16:38:34,658 [main_menu.py:add_device()] - Adding device: temperature_sensor mcu_temp
2026-08-13 16:38:34,668 [main_menu.py:add_device()] - Adding device: temperature_sensor Host_temp
2026-08-13 16:38:34,678 [main_menu.py:add_device()] - Adding device: temperature_sensor Toolhead_Temp
2026-08-13 16:38:34,733 [menu.py:arrangeMenuItems()] - X > gcodes
2026-08-13 16:38:34,752 [screen.py:attach_panel()] - Current panel hierarchy: main_menu
2026-08-13 16:38:37,829 [screen.py:show_panel()] - Reinitializing panel gcodes
2026-08-13 16:38:37,851 [gcodes.py:__init__()] - Thumbsize: 196.3
2026-08-13 16:38:38,008 [gcodes.py:__init__()] - list
2026-08-13 16:38:38,023 [KlippyWebsocket.py:get_dir_info()] - Sending server.files.get_directory  gcodes
2026-08-13 16:38:38,040 [screen.py:attach_panel()] - Current panel hierarchy: main_menu > gcodes
2026-08-13 16:38:40,051 [gcodes.py:load_files()] - Loaded in 1.745 seconds
2026-08-13 16:38:40,112 [screen.py:_menu_go_back()] - #### Menu go back
2026-08-13 16:38:40,186 [screen.py:attach_panel()] - Current panel hierarchy: main_menu
2026-08-13 16:38:42,728 [screen.py:_load_panel()] - Loading panel: temperature
2026-08-13 16:38:42,753 [temperature.py:add_device()] - Adding device: extruder
2026-08-13 16:38:42,764 [temperature.py:add_device()] - Adding device: heater_bed
2026-08-13 16:38:42,772 [temperature.py:add_device()] - Adding device: temperature_sensor mcu_temp
2026-08-13 16:38:42,779 [temperature.py:add_device()] - Adding device: temperature_sensor Host_temp
2026-08-13 16:38:42,787 [temperature.py:add_device()] - Adding device: temperature_sensor Toolhead_Temp
2026-08-13 16:38:42,838 [screen.py:attach_panel()] - Current panel hierarchy: main_menu > temperature
2026-08-13 16:38:42,841 [temperature.py:select_heater()] - Selecting extruder
2026-08-13 16:38:42,842 [temperature.py:select_heater()] - Selecting heater_bed
2026-08-13 16:38:48,748 [temperature.py:verify_max_temp()] - 80/105
2026-08-13 16:38:48,749 [KlippyWebsocket.py:set_bed_temp()] - Sending set_bed_temp: M140 S80
2026-08-13 16:41:41,556 [screen.py:_menu_go_back()] - #### Menu go back
2026-08-13 16:41:41,587 [screen.py:attach_panel()] - Current panel hierarchy: main_menu
2026-08-13 16:41:43,568 [screen.py:attach_panel()] - Current panel hierarchy: main_menu > gcodes
2026-08-13 16:41:46,644 [screen.py:_menu_go_back()] - #### Menu go back
2026-08-13 16:41:46,733 [screen.py:attach_panel()] - Current panel hierarchy: main_menu
2026-08-13 16:41:48,760 [screen.py:attach_panel()] - Current panel hierarchy: main_menu > temperature
2026-08-13 16:41:50,940 [screen.py:_menu_go_back()] - #### Menu go back
2026-08-13 16:41:50,971 [screen.py:attach_panel()] - Current panel hierarchy: main_menu
2026-08-13 16:41:52,932 [screen.py:_go_to_submenu()] - #### Go to submenu more
2026-08-13 16:41:52,932 [screen.py:_go_to_submenu()] - #### Menu __main
2026-08-13 16:41:52,942 [screen.py:show_panel()] - Reinitializing panel menu
2026-08-13 16:41:53,033 [menu.py:evaluate_enable()] - moonraker connected True
2026-08-13 16:41:53,280 [screen.py:attach_panel()] - Current panel hierarchy: main_menu > more
2026-08-13 16:41:53,295 [menu.py:arrangeMenuItems()] - X > more bedlevel
2026-08-13 16:41:53,337 [menu.py:arrangeMenuItems()] - X > more power
2026-08-13 16:41:53,369 [menu.py:arrangeMenuItems()] - X > more spoolman
2026-08-13 16:41:53,369 [menu.py:evaluate_enable()] - moonraker connected True
2026-08-13 16:41:53,405 [screen.py:_go_to_submenu()] - menu, {{ gettext('More') }}, panel_name=more, items=[{'more bedlevel': {'name': "{{ gettext('Bed Level') }}", 'icon': 'bed-level', 'panel': 'bed_level', 'method': None, 'confirm': None, 'enable': "{{ 'bed_screws' in printer.config_sections or 'screws_tilt_adjust' in printer.config_sections }}", 'params': '{}', 'style': None}}, {'more bedmesh': {'name': "{{ gettext('Bed Mesh') }}", 'icon': 'bed-mesh', 'panel': 'bed_mesh', 'method': None, 'confirm': None, 'enable': "{{ 'bed_mesh' in printer.config_sections }}", 'params': '{}', 'style': None}}, {'more zoffset': {'name': "{{ gettext('Z Calibrate') }}", 'icon': 'z-farther', 'panel': 'zcalibrate', 'method': None, 'confirm': None, 'enable': 'True', 'params': '{}', 'style': None}}, {'more limits': {'name': "{{ gettext('Limits') }}", 'icon': 'fine-tune', 'panel': 'limits', 'method': None, 'confirm': None, 'enable': 'True', 'params': '{}', 'style': None}}, {'more fan': {'name': "{{ gettext('Fan') }}", 'icon': 'fan', 'panel': 'fan', 'method': None, 'confirm': None, 'enable': '{{ printer.fans.count > 0 }}', 'params': '{}', 'style': None}}, {'more led': {'name': "{{ gettext('Leds') }}", 'icon': 'light', 'panel': 'led', 'method': None, 'confirm': None, 'enable': '{{ printer.leds.count > 0 }}', 'params': '{}', 'style': None}}, {'more macros': {'name': "{{ gettext('Macros') }}", 'icon': 'custom-script', 'panel': 'gcode_macros', 'method': None, 'confirm': None, 'enable': '{{ printer.gcode_macros.count > 0 }}', 'params': '{}', 'style': None}}, {'more pins': {'name': "{{ gettext('Pins') }}", 'icon': 'hashtag', 'panel': 'pins', 'method': None, 'confirm': None, 'enable': '{{ printer.output_pins.count > 0 or printer.pwm_tools.count > 0 }}', 'params': '{}', 'style': None}}, {'more power': {'name': "{{ gettext('Power') }}", 'icon': 'shutdown', 'panel': 'power', 'method': None, 'confirm': None, 'enable': '{{ moonraker.power_devices.count > 0 }}', 'params': '{}', 'style': None}}, {'more camera': {'name': "{{ gettext('Camera') }}", 'icon': 'camera', 'panel': 'camera', 'method': None, 'confirm': None, 'enable': '{{ moonraker.cameras.count > 0 }}', 'params': '{}', 'style': None}}, {'more console': {'name': "{{ gettext('Console') }}", 'icon': 'console', 'panel': 'console', 'method': None, 'confirm': None, 'enable': 'True', 'params': '{}', 'style': None}}, {'more updater': {'name': "{{ gettext('Update') }}", 'icon': 'refresh', 'panel': 'updater', 'method': None, 'confirm': None, 'enable': 'True', 'params': '{}', 'style': None}}, {'more input_shaper': {'name': "{{ gettext('Input Shaper') }}", 'icon': 'move', 'panel': 'input_shaper', 'method': None, 'confirm': None, 'enable': "{{ 'input_shaper' in printer.config_sections }}", 'params': '{}', 'style': None}}, {'more save': {'name': "{{ gettext('Save Config') }}", 'icon': 'complete', 'panel': None, 'method': 'ks_confirm_save', 'confirm': None, 'enable': 'True', 'params': '{}', 'style': None}}, {'more settings': {'name': 'KlipperScreen', 'icon': 'settings', 'panel': 'settings', 'method': None, 'confirm': None, 'enable': 'True', 'params': '{}', 'style': None}}, {'more network': {'name': "{{ gettext('Network') }}", 'icon': 'network', 'panel': 'network', 'method': None, 'confirm': None, 'enable': 'True', 'params': '{}', 'style': None}}, {'more notifications': {'name': "{{ gettext('Notifications') }}", 'icon': 'notifications', 'panel': 'notifications', 'method': None, 'confirm': None, 'enable': 'True', 'params': '{}', 'style': None}}, {'more spoolman': {'name': 'Spoolman', 'icon': 'spoolman', 'panel': 'spoolman', 'method': None, 'confirm': None, 'enable': '{{ moonraker.spoolman }}', 'params': '{}', 'style': None}}, {'more system': {'name': "{{ gettext('System') }}", 'icon': 'info', 'panel': 'system', 'method': None, 'confirm': None, 'enable': '{{ moonraker_connected }}', 'params': '{}', 'style': None}}, {'more fine_tune': {'name': "{{ gettext('Fine Tuning') }}", 'icon': 'fine-tune', 'panel': 'fine_tune', 'method': None, 'confirm': None, 'enable': 'True', 'params': '{}', 'style': None}}]
2026-08-13 16:41:54,950 [screen.py:show_panel()] - Reinitializing panel console
2026-08-13 16:41:54,992 [screen.py:attach_panel()] - Current panel hierarchy: main_menu > more > console
2026-08-13 16:42:28,689 [KlippyWebsocket.py:gcode_script()] - Sending printer.gcode.script: SLOW_config
2026-08-13 16:49:31,941 [printer.py:change_state()] - Changing state from 'ready' to 'disconnected'
2026-08-13 16:49:31,942 [printer.py:change_state()] - Adding callback for state: disconnected
2026-08-13 16:49:31,995 [screen.py:set_dpms_timeout()] - DPMS on :0 set to: 3600
2026-08-13 16:49:31,996 [screen.py:set_screenblanking_timeout()] - Blanking timeout: 3600
2026-08-13 16:49:31,996 [screen.py:state_disconnected()] - ### Going to disconnected
2026-08-13 16:49:31,997 [screen.py:_remove_all_panels()] - Removing all panels
2026-08-13 16:49:32,110 [screen.py:show_panel()] - Reinitializing panel splash_screen
2026-08-13 16:49:32,150 [screen.py:attach_panel()] - Current panel hierarchy: splash_screen
2026-08-13 16:49:36,480 [screen.py:init_klipper()] - Moonraker info {'klippy_connected': True, 'klippy_state': 'startup', 'components': ['secrets', 'template', 'klippy_connection', 'jsonrpc', 'internal_transport', 'application', 'websockets', 'database', 'dbus_manager', 'file_manager', 'authorization', 'klippy_apis', 'shell_command', 'machine', 'data_store', 'proc_stats', 'job_state', 'job_queue', 'history', 'http_client', 'announcements', 'webcam', 'extensions', 'octoprint_compat', 'timelapse', 'update_manager'], 'failed_components': [], 'registered_directories': ['config', 'logs', 'gcodes', 'timelapse', 'timelapse_frames', 'config_examples', 'docs'], 'warnings': [], 'websocket_count': 2, 'moonraker_version': 'v0.9.3-130-g5b92e52', 'missing_klippy_requirements': [], 'api_version': [1, 5, 0], 'api_version_string': '1.5.0'}
2026-08-13 16:49:38,123 [printer.py:log_counts()] - Klipper version: v0.13.0-435-g8b58aa13-dirty
2026-08-13 16:49:38,124 [printer.py:log_counts()] - # Extruders: 1
2026-08-13 16:49:38,124 [printer.py:log_counts()] - # Temperature devices: 4
2026-08-13 16:49:38,124 [printer.py:log_counts()] - # Fans: 4
2026-08-13 16:49:38,125 [printer.py:log_counts()] - # Output pins: 1
2026-08-13 16:49:38,125 [printer.py:log_counts()] - # PWM tools: 0
2026-08-13 16:49:38,125 [printer.py:log_counts()] - # Leds: 2
2026-08-13 16:49:38,368 [KlippyWebsocket.py:object_subscription()] - Sending printer.objects.subscribe
2026-08-13 16:49:38,370 [files.py:set_gcodes_path()] - Gcodes path: /home/biqu/printer_data/gcodes
2026-08-13 16:49:38,371 [screen.py:init_klipper()] - Printer initialized
2026-08-13 16:49:38,373 [printer.py:change_state()] - Changing state from 'disconnected' to 'startup'
2026-08-13 16:49:38,374 [printer.py:change_state()] - Adding callback for state: startup
2026-08-13 16:49:38,509 [screen.py:set_dpms_timeout()] - DPMS on :0 set to: 3600
2026-08-13 16:49:38,510 [screen.py:set_screenblanking_timeout()] - Blanking timeout: 3600
2026-08-13 16:49:41,637 [printer.py:change_state()] - Changing state from 'startup' to 'ready'
2026-08-13 16:49:41,638 [printer.py:change_state()] - Adding callback for state: ready
2026-08-13 16:49:41,686 [screen.py:set_dpms_timeout()] - DPMS on :0 set to: 3600
2026-08-13 16:49:41,686 [screen.py:set_screenblanking_timeout()] - Blanking timeout: 3600
2026-08-13 16:49:41,687 [KlippyWebsocket.py:get_file_list()] - Sending server.files.list
2026-08-13 16:49:41,691 [screen.py:_remove_all_panels()] - Removing all panels
2026-08-13 16:49:41,813 [screen.py:show_panel()] - Reinitializing panel main_menu
2026-08-13 16:49:41,992 [main_menu.py:__init__()] - ### Making MainMenu
2026-08-13 16:49:42,008 [main_menu.py:add_device()] - Adding device: extruder
2026-08-13 16:49:42,016 [main_menu.py:add_device()] - Adding device: heater_bed
2026-08-13 16:49:42,024 [main_menu.py:add_device()] - Adding device: temperature_sensor mcu_temp
2026-08-13 16:49:42,031 [main_menu.py:add_device()] - Adding device: temperature_sensor Host_temp
2026-08-13 16:49:42,039 [main_menu.py:add_device()] - Adding device: temperature_sensor Toolhead_Temp
2026-08-13 16:49:42,077 [menu.py:arrangeMenuItems()] - X > gcodes
2026-08-13 16:49:42,090 [screen.py:attach_panel()] - Current panel hierarchy: main_menu
2026-08-13 16:49:42,130 [printer.py:init_temp_store()] - Temp store: ['heater_bed', 'temperature_sensor mcu_temp', 'temperature_sensor Host_temp', 'temperature_sensor Toolhead_Temp', 'extruder']
2026-08-13 16:49:42,156 [screen.py:init_tempstore()] - Temperature store size: 1200
2026-08-13 16:50:05,540 [screen.py:_go_to_submenu()] - #### Go to submenu more
2026-08-13 16:50:05,540 [screen.py:_go_to_submenu()] - #### Menu __main
2026-08-13 16:50:05,550 [screen.py:show_panel()] - Reinitializing panel menu
2026-08-13 16:50:05,637 [menu.py:evaluate_enable()] - moonraker connected True
2026-08-13 16:50:05,893 [screen.py:attach_panel()] - Current panel hierarchy: main_menu > more
2026-08-13 16:50:05,907 [menu.py:arrangeMenuItems()] - X > more bedlevel
2026-08-13 16:50:05,948 [menu.py:arrangeMenuItems()] - X > more power
2026-08-13 16:50:05,982 [menu.py:arrangeMenuItems()] - X > more spoolman
2026-08-13 16:50:05,983 [menu.py:evaluate_enable()] - moonraker connected True
2026-08-13 16:50:06,014 [screen.py:_go_to_submenu()] - menu, {{ gettext('More') }}, panel_name=more, items=[{'more bedlevel': {'name': "{{ gettext('Bed Level') }}", 'icon': 'bed-level', 'panel': 'bed_level', 'method': None, 'confirm': None, 'enable': "{{ 'bed_screws' in printer.config_sections or 'screws_tilt_adjust' in printer.config_sections }}", 'params': '{}', 'style': None}}, {'more bedmesh': {'name': "{{ gettext('Bed Mesh') }}", 'icon': 'bed-mesh', 'panel': 'bed_mesh', 'method': None, 'confirm': None, 'enable': "{{ 'bed_mesh' in printer.config_sections }}", 'params': '{}', 'style': None}}, {'more zoffset': {'name': "{{ gettext('Z Calibrate') }}", 'icon': 'z-farther', 'panel': 'zcalibrate', 'method': None, 'confirm': None, 'enable': 'True', 'params': '{}', 'style': None}}, {'more limits': {'name': "{{ gettext('Limits') }}", 'icon': 'fine-tune', 'panel': 'limits', 'method': None, 'confirm': None, 'enable': 'True', 'params': '{}', 'style': None}}, {'more fan': {'name': "{{ gettext('Fan') }}", 'icon': 'fan', 'panel': 'fan', 'method': None, 'confirm': None, 'enable': '{{ printer.fans.count > 0 }}', 'params': '{}', 'style': None}}, {'more led': {'name': "{{ gettext('Leds') }}", 'icon': 'light', 'panel': 'led', 'method': None, 'confirm': None, 'enable': '{{ printer.leds.count > 0 }}', 'params': '{}', 'style': None}}, {'more macros': {'name': "{{ gettext('Macros') }}", 'icon': 'custom-script', 'panel': 'gcode_macros', 'method': None, 'confirm': None, 'enable': '{{ printer.gcode_macros.count > 0 }}', 'params': '{}', 'style': None}}, {'more pins': {'name': "{{ gettext('Pins') }}", 'icon': 'hashtag', 'panel': 'pins', 'method': None, 'confirm': None, 'enable': '{{ printer.output_pins.count > 0 or printer.pwm_tools.count > 0 }}', 'params': '{}', 'style': None}}, {'more power': {'name': "{{ gettext('Power') }}", 'icon': 'shutdown', 'panel': 'power', 'method': None, 'confirm': None, 'enable': '{{ moonraker.power_devices.count > 0 }}', 'params': '{}', 'style': None}}, {'more camera': {'name': "{{ gettext('Camera') }}", 'icon': 'camera', 'panel': 'camera', 'method': None, 'confirm': None, 'enable': '{{ moonraker.cameras.count > 0 }}', 'params': '{}', 'style': None}}, {'more console': {'name': "{{ gettext('Console') }}", 'icon': 'console', 'panel': 'console', 'method': None, 'confirm': None, 'enable': 'True', 'params': '{}', 'style': None}}, {'more updater': {'name': "{{ gettext('Update') }}", 'icon': 'refresh', 'panel': 'updater', 'method': None, 'confirm': None, 'enable': 'True', 'params': '{}', 'style': None}}, {'more input_shaper': {'name': "{{ gettext('Input Shaper') }}", 'icon': 'move', 'panel': 'input_shaper', 'method': None, 'confirm': None, 'enable': "{{ 'input_shaper' in printer.config_sections }}", 'params': '{}', 'style': None}}, {'more save': {'name': "{{ gettext('Save Config') }}", 'icon': 'complete', 'panel': None, 'method': 'ks_confirm_save', 'confirm': None, 'enable': 'True', 'params': '{}', 'style': None}}, {'more settings': {'name': 'KlipperScreen', 'icon': 'settings', 'panel': 'settings', 'method': None, 'confirm': None, 'enable': 'True', 'params': '{}', 'style': None}}, {'more network': {'name': "{{ gettext('Network') }}", 'icon': 'network', 'panel': 'network', 'method': None, 'confirm': None, 'enable': 'True', 'params': '{}', 'style': None}}, {'more notifications': {'name': "{{ gettext('Notifications') }}", 'icon': 'notifications', 'panel': 'notifications', 'method': None, 'confirm': None, 'enable': 'True', 'params': '{}', 'style': None}}, {'more spoolman': {'name': 'Spoolman', 'icon': 'spoolman', 'panel': 'spoolman', 'method': None, 'confirm': None, 'enable': '{{ moonraker.spoolman }}', 'params': '{}', 'style': None}}, {'more system': {'name': "{{ gettext('System') }}", 'icon': 'info', 'panel': 'system', 'method': None, 'confirm': None, 'enable': '{{ moonraker_connected }}', 'params': '{}', 'style': None}}, {'more fine_tune': {'name': "{{ gettext('Fine Tuning') }}", 'icon': 'fine-tune', 'panel': 'fine_tune', 'method': None, 'confirm': None, 'enable': 'True', 'params': '{}', 'style': None}}]
2026-08-13 16:50:11,801 [screen.py:_load_panel()] - Loading panel: bed_mesh
2026-08-13 16:50:11,841 [bed_mesh.py:add_profile()] - Adding Profile: default
2026-08-13 16:50:11,869 [screen.py:attach_panel()] - Current panel hierarchy: main_menu > more > bed_mesh
2026-08-13 16:50:11,872 [bed_mesh.py:activate_mesh()] - Active None changing to default
2026-08-13 16:50:15,031 [screen.py:_menu_go_back()] - #### Menu go back
2026-08-13 16:50:15,064 [screen.py:attach_panel()] - Current panel hierarchy: main_menu > more
2026-08-13 16:50:15,081 [menu.py:arrangeMenuItems()] - X > more bedlevel
2026-08-13 16:50:15,124 [menu.py:arrangeMenuItems()] - X > more power
2026-08-13 16:50:15,156 [menu.py:arrangeMenuItems()] - X > more spoolman
2026-08-13 16:50:15,157 [menu.py:evaluate_enable()] - moonraker connected True
2026-08-13 16:50:15,735 [screen.py:_menu_go_back()] - #### Menu go back
2026-08-13 16:50:15,765 [screen.py:attach_panel()] - Current panel hierarchy: main_menu
2026-08-13 16:51:09,496 [screen.py:show_panel()] - Reinitializing panel temperature
2026-08-13 16:51:09,512 [warnings.py:_showwarnmsg()] - /home/biqu/KlipperScreen/panels/temperature.py:25: Warning: ../../../gobject/gsignal.c:2732: instance '0x2d2048c0' has no handler with id '160961'
  self.long_press = {}

2026-08-13 16:51:09,514 [warnings.py:_showwarnmsg()] - /home/biqu/KlipperScreen/panels/temperature.py:25: Warning: ../../../gobject/gsignal.c:2732: instance '0x2e8c7540' has no handler with id '160989'
  self.long_press = {}

2026-08-13 16:51:09,529 [temperature.py:add_device()] - Adding device: extruder
2026-08-13 16:51:09,538 [temperature.py:add_device()] - Adding device: heater_bed
2026-08-13 16:51:09,546 [temperature.py:add_device()] - Adding device: temperature_sensor mcu_temp
2026-08-13 16:51:09,554 [temperature.py:add_device()] - Adding device: temperature_sensor Host_temp
2026-08-13 16:51:09,561 [temperature.py:add_device()] - Adding device: temperature_sensor Toolhead_Temp
2026-08-13 16:51:09,604 [screen.py:attach_panel()] - Current panel hierarchy: main_menu > temperature
2026-08-13 16:51:09,608 [temperature.py:select_heater()] - Selecting extruder
2026-08-13 16:51:09,610 [temperature.py:select_heater()] - Selecting heater_bed
2026-08-13 16:51:13,288 [temperature.py:verify_max_temp()] - 80/105
2026-08-13 16:51:13,289 [KlippyWebsocket.py:set_bed_temp()] - Sending set_bed_temp: M140 S80
2026-08-13 16:51:54,647 [screen.py:_menu_go_back()] - #### Menu go back
2026-08-13 16:51:54,677 [screen.py:attach_panel()] - Current panel hierarchy: main_menu
2026-08-13 16:51:56,629 [screen.py:_load_panel()] - Loading panel: extrude
2026-08-13 16:51:56,716 [screen.py:attach_panel()] - Current panel hierarchy: main_menu > extrude
2026-08-13 16:51:57,944 [screen.py:_send_action()] - printer.gcode.script: {'script': 'UNLOAD_FILAMENT SPEED=120'}
2026-08-13 16:52:22,248 [screen.py:_menu_go_back()] - #### Menu go back
2026-08-13 16:52:22,276 [screen.py:attach_panel()] - Current panel hierarchy: main_menu
2026-08-13 16:52:53,077 [screen.py:attach_panel()] - Current panel hierarchy: main_menu > extrude
2026-08-13 16:52:55,720 [screen.py:_send_action()] - printer.gcode.script: {'script': 'UNLOAD_FILAMENT SPEED=120'}
2026-08-13 16:54:51,584 [screen.py:_send_action()] - printer.gcode.script: {'script': 'LOAD_FILAMENT SPEED=120'}
2026-08-13 16:55:41,236 [screen.py:_menu_go_back()] - #### Menu go back
2026-08-13 16:55:41,264 [screen.py:attach_panel()] - Current panel hierarchy: main_menu
2026-08-13 16:55:45,203 [screen.py:show_panel()] - Reinitializing panel move
2026-08-13 16:55:45,302 [screen.py:attach_panel()] - Current panel hierarchy: main_menu > move
2026-08-13 16:55:46,941 [screen.py:show_panel()] - Reinitializing panel menu
2026-08-13 16:55:47,089 [screen.py:attach_panel()] - Current panel hierarchy: main_menu > move > menu
2026-08-13 16:55:47,118 [menu.py:arrangeMenuItems()] - X > homing Z-Tilt
2026-08-13 16:55:49,082 [screen.py:_send_action()] - printer.gcode.script: {'script': 'G28'}
2026-08-13 16:56:15,314 [screen.py:_menu_go_back()] - #### Menu go back
2026-08-13 16:56:15,369 [screen.py:attach_panel()] - Current panel hierarchy: main_menu > move
2026-08-13 16:56:18,938 [screen.py:_send_action()] - printer.gcode.script: {'script': 'G91\nG0 z+25 F600'}
2026-08-13 16:56:18,944 [KlippyWebsocket.py:gcode_script()] - Sending printer.gcode.script: G90
2026-08-13 16:56:21,425 [screen.py:_send_action()] - printer.gcode.script: {'script': 'G91\nG0 z+25 F600'}
2026-08-13 16:56:21,430 [KlippyWebsocket.py:gcode_script()] - Sending printer.gcode.script: G90
2026-08-13 16:56:22,690 [screen.py:_send_action()] - printer.gcode.script: {'script': 'G91\nG0 z-25 F600'}
2026-08-13 16:56:22,698 [KlippyWebsocket.py:gcode_script()] - Sending printer.gcode.script: G90
2026-08-13 16:56:28,529 [screen.py:_menu_go_back()] - #### Menu go back
2026-08-13 16:56:28,558 [screen.py:attach_panel()] - Current panel hierarchy: main_menu
2026-08-13 16:56:32,890 [screen.py:attach_panel()] - Current panel hierarchy: main_menu > extrude
2026-08-13 16:56:34,321 [screen.py:_send_action()] - printer.gcode.script: {'script': 'LOAD_FILAMENT SPEED=120'}
2026-08-13 17:00:02,731 [screen.py:_menu_go_back()] - #### Menu go back
2026-08-13 17:00:02,769 [screen.py:attach_panel()] - Current panel hierarchy: main_menu
2026-08-13 17:00:04,613 [screen.py:show_panel()] - Reinitializing panel gcodes
2026-08-13 17:00:04,634 [gcodes.py:__init__()] - Thumbsize: 196.3
2026-08-13 17:00:04,801 [gcodes.py:__init__()] - list
2026-08-13 17:00:04,812 [KlippyWebsocket.py:get_dir_info()] - Sending server.files.get_directory  gcodes
2026-08-13 17:00:04,830 [screen.py:attach_panel()] - Current panel hierarchy: main_menu > gcodes
2026-08-13 17:00:06,823 [gcodes.py:load_files()] - Loaded in 1.719 seconds
2026-08-13 17:00:09,889 [KlippyRest.py:_do_request()] - 500 Server Error>>Internal Server Error for url>>http://127.0.0.1:7125/server/history/job?uid=None
2026-08-13 17:00:09,959 [KlippyGtk.py:Dialog()] - Showing dialog Print Screw_PETG_0.3_20m43s.gcode (width=1366, height=768)
2026-08-13 17:00:11,247 [KlippyGtk.py:remove_dialog()] - Removing Dialog
2026-08-13 17:00:11,248 [gcodes.py:confirm_print_response()] - Starting print: Screw_PETG_0.3_20m43s.gcode
2026-08-13 17:00:11,248 [KlippyWebsocket.py:print_start()] - Sending printer.print.start
2026-08-13 17:00:11,565 [printer.py:change_state()] - Changing state from 'ready' to 'printing'
2026-08-13 17:00:11,565 [printer.py:change_state()] - Adding callback for state: printing
2026-08-13 17:00:11,638 [screen.py:set_dpms_timeout()] - DPMS on :0 set to: 3600
2026-08-13 17:00:11,639 [screen.py:set_screenblanking_timeout()] - Blanking timeout: 3600
2026-08-13 17:00:11,639 [screen.py:_remove_all_panels()] - Removing all panels
2026-08-13 17:00:11,825 [screen.py:show_panel()] - Reinitializing panel job_status
2026-08-13 17:00:11,943 [screen.py:attach_panel()] - Current panel hierarchy: job_status
2026-08-13 17:00:11,957 [job_status.py:set_state()] - Changing job_status state from 'standby' to 'printing'
2026-08-13 17:00:11,972 [job_status.py:update_filename()] - Updating filename to Screw_PETG_0.3_20m43s.gcode
2026-08-13 17:00:11,973 [job_status.py:_update_file_metadata()] - Update Metadata. File: Screw_PETG_0.3_20m43s.gcode Size: 1766950
2026-08-13 17:01:41,434 [screen.py:_load_panel()] - Loading panel: fine_tune
2026-08-13 17:01:41,525 [screen.py:attach_panel()] - Current panel hierarchy: job_status > fine_tune
2026-08-13 17:01:44,219 [screen.py:_menu_go_back()] - #### Menu go back
2026-08-13 17:01:44,260 [screen.py:attach_panel()] - Current panel hierarchy: job_status
2026-08-13 17:01:46,275 [screen.py:_go_to_submenu()] - #### Go to submenu 
2026-08-13 17:01:46,275 [screen.py:_go_to_submenu()] - #### Menu __print
2026-08-13 17:01:46,285 [screen.py:_load_panel()] - Loading panel: menu
2026-08-13 17:01:46,354 [menu.py:evaluate_enable()] - moonraker connected True
2026-08-13 17:01:46,644 [screen.py:attach_panel()] - Current panel hierarchy: job_status > 
2026-08-13 17:01:46,668 [menu.py:arrangeMenuItems()] - X > move
2026-08-13 17:01:46,679 [menu.py:arrangeMenuItems()] - X > power
2026-08-13 17:01:46,714 [menu.py:arrangeMenuItems()] - X > spoolman
2026-08-13 17:01:46,715 [menu.py:evaluate_enable()] - moonraker connected True
2026-08-13 17:01:46,750 [screen.py:_go_to_submenu()] - menu, {{ gettext('Print Control') }}, panel_name=, items=[{'temperature': {'name': "{{ gettext('Temperature') }}", 'icon': 'heat-up', 'panel': 'temperature', 'method': None, 'confirm': None, 'enable': '{{ (printer.temperature_devices.count > 0) or (printer.extruders.count > 0)}}', 'params': '{}', 'style': None}}, {'fan': {'name': "{{ gettext('Fan') }}", 'icon': 'fan', 'panel': 'fan', 'method': None, 'confirm': None, 'enable': '{{ printer.fans.count > 0 }}', 'params': '{}', 'style': None}}, {'move': {'name': "{{ gettext('Move') }}", 'icon': 'move', 'panel': 'move', 'method': None, 'confirm': None, 'enable': '{{ printer.pause_resume.is_paused }}', 'params': '{}', 'style': None}}, {'extrude': {'name': "{{ gettext('Extrude') }}", 'icon': 'extrude', 'panel': 'extrude', 'method': None, 'confirm': None, 'enable': '{{ printer.extruders.count > 0 }}', 'params': '{}', 'style': None}}, {'power': {'name': "{{ gettext('Power') }}", 'icon': 'shutdown', 'panel': 'power', 'method': None, 'confirm': None, 'enable': '{{ moonraker.power_devices.count > 0 }}', 'params': '{}', 'style': None}}, {'led': {'name': "{{ gettext('Leds') }}", 'icon': 'light', 'panel': 'led', 'method': None, 'confirm': None, 'enable': '{{ printer.leds.count > 0 }}', 'params': '{}', 'style': None}}, {'macros': {'name': "{{ gettext('Macros') }}", 'icon': 'custom-script', 'panel': 'gcode_macros', 'method': None, 'confirm': None, 'enable': '{{ printer.gcode_macros.count > 0 }}', 'params': '{}', 'style': None}}, {'notifications': {'name': "{{ gettext('Notifications') }}", 'icon': 'notifications', 'panel': 'notifications', 'method': None, 'confirm': None, 'enable': 'True', 'params': '{}', 'style': None}}, {'camera': {'name': "{{ gettext('Camera') }}", 'icon': 'camera', 'panel': 'camera', 'method': None, 'confirm': None, 'enable': '{{ moonraker.cameras.count > 0 }}', 'params': '{}', 'style': None}}, {'console': {'name': "{{ gettext('Console') }}", 'icon': 'console', 'panel': 'console', 'method': None, 'confirm': None, 'enable': 'True', 'params': '{}', 'style': None}}, {'limits': {'name': "{{ gettext('Limits') }}", 'icon': 'fine-tune', 'panel': 'limits', 'method': None, 'confirm': None, 'enable': 'True', 'params': '{}', 'style': None}}, {'network': {'name': "{{ gettext('Network') }}", 'icon': 'network', 'panel': 'network', 'method': None, 'confirm': None, 'enable': 'True', 'params': '{}', 'style': None}}, {'settings': {'name': 'KlipperScreen', 'icon': 'settings', 'panel': 'settings', 'method': None, 'confirm': None, 'enable': 'True', 'params': '{}', 'style': None}}, {'spoolman': {'name': 'Spoolman', 'icon': 'spoolman', 'panel': 'spoolman', 'method': None, 'confirm': None, 'enable': '{{ moonraker.spoolman }}', 'params': '{}', 'style': None}}, {'system': {'name': "{{ gettext('System') }}", 'icon': 'info', 'panel': 'system', 'method': None, 'confirm': None, 'enable': '{{ moonraker_connected }}', 'params': '{}', 'style': None}}, {'pins': {'name': "{{ gettext('Pins') }}", 'icon': 'hashtag', 'panel': 'pins', 'method': None, 'confirm': None, 'enable': '{{ printer.output_pins.count > 0 or printer.pwm_tools.count > 0 }}', 'params': '{}', 'style': None}}, {'lock': {'name': "{{ gettext('Lock') }}", 'icon': 'lock', 'panel': 'lock_screen', 'method': None, 'confirm': None, 'enable': 'True', 'params': '{}', 'style': None}}]
2026-08-13 17:01:48,461 [screen.py:show_panel()] - Reinitializing panel temperature
2026-08-13 17:01:48,476 [warnings.py:_showwarnmsg()] - /home/biqu/KlipperScreen/panels/temperature.py:25: Warning: ../../../gobject/gsignal.c:2732: instance '0x2e62a160' has no handler with id '175777'
  self.long_press = {}

2026-08-13 17:01:48,477 [warnings.py:_showwarnmsg()] - /home/biqu/KlipperScreen/panels/temperature.py:25: Warning: ../../../gobject/gsignal.c:2732: instance '0x2e8fcd60' has no handler with id '175805'
  self.long_press = {}

2026-08-13 17:01:48,494 [temperature.py:add_device()] - Adding device: extruder
2026-08-13 17:01:48,502 [temperature.py:add_device()] - Adding device: heater_bed
2026-08-13 17:01:48,511 [temperature.py:add_device()] - Adding device: temperature_sensor mcu_temp
2026-08-13 17:01:48,520 [temperature.py:add_device()] - Adding device: temperature_sensor Host_temp
2026-08-13 17:01:48,528 [temperature.py:add_device()] - Adding device: temperature_sensor Toolhead_Temp
2026-08-13 17:01:48,589 [screen.py:attach_panel()] - Current panel hierarchy: job_status >  > temperature
2026-08-13 17:01:48,594 [temperature.py:select_heater()] - Selecting extruder
2026-08-13 17:02:13,208 [temperature.py:verify_max_temp()] - 80/105
2026-08-13 17:02:13,208 [KlippyWebsocket.py:set_bed_temp()] - Sending set_bed_temp: M140 S80
2026-08-13 17:12:30,281 [screen.py:_menu_go_back()] - #### Menu go back
2026-08-13 17:12:30,314 [screen.py:attach_panel()] - Current panel hierarchy: job_status > 
2026-08-13 17:12:30,341 [menu.py:arrangeMenuItems()] - X > move
2026-08-13 17:12:30,353 [menu.py:arrangeMenuItems()] - X > power
2026-08-13 17:12:30,388 [menu.py:arrangeMenuItems()] - X > spoolman
2026-08-13 17:12:30,388 [menu.py:evaluate_enable()] - moonraker connected True
2026-08-13 17:12:31,591 [screen.py:_menu_go_back()] - #### Menu go back
2026-08-13 17:12:31,622 [screen.py:attach_panel()] - Current panel hierarchy: job_status
2026-08-13 17:12:33,249 [KlippyGtk.py:Dialog()] - Showing dialog Cancel (width=1366, height=768)
2026-08-13 17:12:41,202 [KlippyGtk.py:remove_dialog()] - Removing Dialog
2026-08-13 17:12:41,203 [job_status.py:cancel_confirm()] - Canceling print
2026-08-13 17:12:41,208 [job_status.py:set_state()] - Changing job_status state from 'printing' to 'cancelling'
2026-08-13 17:12:41,215 [KlippyWebsocket.py:print_cancel()] - Sending printer.print.cancel
2026-08-13 17:12:41,453 [printer.py:change_state()] - Changing state from 'printing' to 'ready'
2026-08-13 17:12:41,453 [printer.py:change_state()] - Adding callback for state: ready
2026-08-13 17:12:41,471 [job_status.py:set_state()] - Changing job_status state from 'cancelling' to 'cancelled'
2026-08-13 17:12:41,583 [screen.py:set_dpms_timeout()] - DPMS on :0 set to: 3600
2026-08-13 17:12:41,584 [screen.py:set_screenblanking_timeout()] - Blanking timeout: 3600
2026-08-13 17:12:44,411 [screen.py:show_popup_message()] - error: Unknown gcode_macro variable 'record_extruder_temp'
2026-08-13 17:17:04,855 [printer.py:change_state()] - Changing state from 'ready' to 'disconnected'
2026-08-13 17:17:04,856 [printer.py:change_state()] - Adding callback for state: disconnected
2026-08-13 17:17:04,904 [screen.py:set_dpms_timeout()] - DPMS on :0 set to: 3600
2026-08-13 17:17:04,905 [screen.py:set_screenblanking_timeout()] - Blanking timeout: 3600
2026-08-13 17:17:04,905 [screen.py:state_disconnected()] - ### Going to disconnected
2026-08-13 17:17:04,906 [screen.py:_remove_all_panels()] - Removing all panels
2026-08-13 17:17:05,024 [screen.py:show_panel()] - Reinitializing panel splash_screen
2026-08-13 17:17:05,067 [screen.py:attach_panel()] - Current panel hierarchy: splash_screen
2026-08-13 17:17:09,481 [screen.py:init_klipper()] - Moonraker info {'klippy_connected': True, 'klippy_state': 'startup', 'components': ['secrets', 'template', 'klippy_connection', 'jsonrpc', 'internal_transport', 'application', 'websockets', 'database', 'dbus_manager', 'file_manager', 'authorization', 'klippy_apis', 'shell_command', 'machine', 'data_store', 'proc_stats', 'job_state', 'job_queue', 'history', 'http_client', 'announcements', 'webcam', 'extensions', 'octoprint_compat', 'timelapse', 'update_manager'], 'failed_components': [], 'registered_directories': ['config', 'logs', 'gcodes', 'timelapse', 'timelapse_frames', 'config_examples', 'docs'], 'warnings': [], 'websocket_count': 2, 'moonraker_version': 'v0.9.3-130-g5b92e52', 'missing_klippy_requirements': [], 'api_version': [1, 5, 0], 'api_version_string': '1.5.0'}
2026-08-13 17:17:10,880 [printer.py:log_counts()] - Klipper version: v0.13.0-435-g8b58aa13-dirty
2026-08-13 17:17:10,881 [printer.py:log_counts()] - # Extruders: 1
2026-08-13 17:17:10,881 [printer.py:log_counts()] - # Temperature devices: 4
2026-08-13 17:17:10,882 [printer.py:log_counts()] - # Fans: 4
2026-08-13 17:17:10,882 [printer.py:log_counts()] - # Output pins: 1
2026-08-13 17:17:10,882 [printer.py:log_counts()] - # PWM tools: 0
2026-08-13 17:17:10,883 [printer.py:log_counts()] - # Leds: 2
2026-08-13 17:17:11,120 [KlippyWebsocket.py:object_subscription()] - Sending printer.objects.subscribe
2026-08-13 17:17:11,122 [files.py:set_gcodes_path()] - Gcodes path: /home/biqu/printer_data/gcodes
2026-08-13 17:17:11,123 [screen.py:init_klipper()] - Printer initialized
2026-08-13 17:17:11,125 [printer.py:change_state()] - Changing state from 'disconnected' to 'startup'
2026-08-13 17:17:11,126 [printer.py:change_state()] - Adding callback for state: startup
2026-08-13 17:17:11,218 [screen.py:set_dpms_timeout()] - DPMS on :0 set to: 3600
2026-08-13 17:17:11,219 [screen.py:set_screenblanking_timeout()] - Blanking timeout: 3600
2026-08-13 17:17:14,368 [printer.py:change_state()] - Changing state from 'startup' to 'ready'
2026-08-13 17:17:14,369 [printer.py:change_state()] - Adding callback for state: ready
2026-08-13 17:17:14,419 [screen.py:set_dpms_timeout()] - DPMS on :0 set to: 3600
2026-08-13 17:17:14,419 [screen.py:set_screenblanking_timeout()] - Blanking timeout: 3600
2026-08-13 17:17:14,420 [KlippyWebsocket.py:get_file_list()] - Sending server.files.list
2026-08-13 17:17:14,424 [screen.py:_remove_all_panels()] - Removing all panels
2026-08-13 17:17:14,546 [screen.py:show_panel()] - Reinitializing panel main_menu
2026-08-13 17:17:14,704 [main_menu.py:__init__()] - ### Making MainMenu
2026-08-13 17:17:14,754 [main_menu.py:add_device()] - Adding device: extruder
2026-08-13 17:17:14,762 [main_menu.py:add_device()] - Adding device: heater_bed
2026-08-13 17:17:14,769 [main_menu.py:add_device()] - Adding device: temperature_sensor mcu_temp
2026-08-13 17:17:14,776 [main_menu.py:add_device()] - Adding device: temperature_sensor Host_temp
2026-08-13 17:17:14,784 [main_menu.py:add_device()] - Adding device: temperature_sensor Toolhead_Temp
2026-08-13 17:17:14,822 [menu.py:arrangeMenuItems()] - X > gcodes
2026-08-13 17:17:14,835 [screen.py:attach_panel()] - Current panel hierarchy: main_menu
2026-08-13 17:17:14,879 [printer.py:init_temp_store()] - Temp store: ['heater_bed', 'temperature_sensor mcu_temp', 'temperature_sensor Host_temp', 'temperature_sensor Toolhead_Temp', 'extruder']
2026-08-13 17:17:14,902 [screen.py:init_tempstore()] - Temperature store size: 1200
2026-08-13 17:20:09,540 [printer.py:change_state()] - Changing state from 'ready' to 'disconnected'
2026-08-13 17:20:09,540 [printer.py:change_state()] - Adding callback for state: disconnected
2026-08-13 17:20:09,587 [screen.py:set_dpms_timeout()] - DPMS on :0 set to: 3600
2026-08-13 17:20:09,588 [screen.py:set_screenblanking_timeout()] - Blanking timeout: 3600
2026-08-13 17:20:09,588 [screen.py:state_disconnected()] - ### Going to disconnected
2026-08-13 17:20:09,590 [screen.py:_remove_all_panels()] - Removing all panels
2026-08-13 17:20:09,707 [screen.py:show_panel()] - Reinitializing panel splash_screen
2026-08-13 17:20:09,751 [screen.py:attach_panel()] - Current panel hierarchy: splash_screen
2026-08-13 17:20:14,479 [screen.py:init_klipper()] - Moonraker info {'klippy_connected': True, 'klippy_state': 'startup', 'components': ['secrets', 'template', 'klippy_connection', 'jsonrpc', 'internal_transport', 'application', 'websockets', 'database', 'dbus_manager', 'file_manager', 'authorization', 'klippy_apis', 'shell_command', 'machine', 'data_store', 'proc_stats', 'job_state', 'job_queue', 'history', 'http_client', 'announcements', 'webcam', 'extensions', 'octoprint_compat', 'timelapse', 'update_manager'], 'failed_components': [], 'registered_directories': ['config', 'logs', 'gcodes', 'timelapse', 'timelapse_frames', 'config_examples', 'docs'], 'warnings': [], 'websocket_count': 2, 'moonraker_version': 'v0.9.3-130-g5b92e52', 'missing_klippy_requirements': [], 'api_version': [1, 5, 0], 'api_version_string': '1.5.0'}
2026-08-13 17:20:15,428 [printer.py:log_counts()] - Klipper version: v0.13.0-435-g8b58aa13-dirty
2026-08-13 17:20:15,429 [printer.py:log_counts()] - # Extruders: 1
2026-08-13 17:20:15,429 [printer.py:log_counts()] - # Temperature devices: 4
2026-08-13 17:20:15,429 [printer.py:log_counts()] - # Fans: 4
2026-08-13 17:20:15,430 [printer.py:log_counts()] - # Output pins: 1
2026-08-13 17:20:15,430 [printer.py:log_counts()] - # PWM tools: 0
2026-08-13 17:20:15,430 [printer.py:log_counts()] - # Leds: 2
2026-08-13 17:20:15,673 [KlippyWebsocket.py:object_subscription()] - Sending printer.objects.subscribe
2026-08-13 17:20:15,675 [files.py:set_gcodes_path()] - Gcodes path: /home/biqu/printer_data/gcodes
2026-08-13 17:20:15,676 [screen.py:init_klipper()] - Printer initialized
2026-08-13 17:20:15,678 [printer.py:change_state()] - Changing state from 'disconnected' to 'startup'
2026-08-13 17:20:15,678 [printer.py:change_state()] - Adding callback for state: startup
2026-08-13 17:20:15,757 [screen.py:set_dpms_timeout()] - DPMS on :0 set to: 3600
2026-08-13 17:20:15,758 [screen.py:set_screenblanking_timeout()] - Blanking timeout: 3600
2026-08-13 17:20:18,940 [printer.py:change_state()] - Changing state from 'startup' to 'ready'
2026-08-13 17:20:18,940 [printer.py:change_state()] - Adding callback for state: ready
2026-08-13 17:20:18,990 [screen.py:set_dpms_timeout()] - DPMS on :0 set to: 3600
2026-08-13 17:20:18,991 [screen.py:set_screenblanking_timeout()] - Blanking timeout: 3600
2026-08-13 17:20:18,991 [KlippyWebsocket.py:get_file_list()] - Sending server.files.list
2026-08-13 17:20:18,995 [screen.py:_remove_all_panels()] - Removing all panels
2026-08-13 17:20:19,122 [screen.py:show_panel()] - Reinitializing panel main_menu
2026-08-13 17:20:19,305 [main_menu.py:__init__()] - ### Making MainMenu
2026-08-13 17:20:19,321 [main_menu.py:add_device()] - Adding device: extruder
2026-08-13 17:20:19,329 [main_menu.py:add_device()] - Adding device: heater_bed
2026-08-13 17:20:19,336 [main_menu.py:add_device()] - Adding device: temperature_sensor mcu_temp
2026-08-13 17:20:19,344 [main_menu.py:add_device()] - Adding device: temperature_sensor Host_temp
2026-08-13 17:20:19,351 [main_menu.py:add_device()] - Adding device: temperature_sensor Toolhead_Temp
2026-08-13 17:20:19,390 [menu.py:arrangeMenuItems()] - X > gcodes
2026-08-13 17:20:19,404 [screen.py:attach_panel()] - Current panel hierarchy: main_menu
2026-08-13 17:20:19,447 [printer.py:init_temp_store()] - Temp store: ['heater_bed', 'temperature_sensor mcu_temp', 'temperature_sensor Host_temp', 'temperature_sensor Toolhead_Temp', 'extruder']
2026-08-13 17:20:19,472 [screen.py:init_tempstore()] - Temperature store size: 1200
2026-08-13 17:25:51,684 [screen.py:_go_to_submenu()] - #### Go to submenu more
2026-08-13 17:25:51,685 [screen.py:_go_to_submenu()] - #### Menu __main
2026-08-13 17:25:51,695 [screen.py:show_panel()] - Reinitializing panel menu
2026-08-13 17:25:51,790 [menu.py:evaluate_enable()] - moonraker connected True
2026-08-13 17:25:52,053 [screen.py:attach_panel()] - Current panel hierarchy: main_menu > more
2026-08-13 17:25:52,068 [menu.py:arrangeMenuItems()] - X > more bedlevel
2026-08-13 17:25:52,110 [menu.py:arrangeMenuItems()] - X > more power
2026-08-13 17:25:52,141 [menu.py:arrangeMenuItems()] - X > more spoolman
2026-08-13 17:25:52,142 [menu.py:evaluate_enable()] - moonraker connected True
2026-08-13 17:25:52,171 [screen.py:_go_to_submenu()] - menu, {{ gettext('More') }}, panel_name=more, items=[{'more bedlevel': {'name': "{{ gettext('Bed Level') }}", 'icon': 'bed-level', 'panel': 'bed_level', 'method': None, 'confirm': None, 'enable': "{{ 'bed_screws' in printer.config_sections or 'screws_tilt_adjust' in printer.config_sections }}", 'params': '{}', 'style': None}}, {'more bedmesh': {'name': "{{ gettext('Bed Mesh') }}", 'icon': 'bed-mesh', 'panel': 'bed_mesh', 'method': None, 'confirm': None, 'enable': "{{ 'bed_mesh' in printer.config_sections }}", 'params': '{}', 'style': None}}, {'more zoffset': {'name': "{{ gettext('Z Calibrate') }}", 'icon': 'z-farther', 'panel': 'zcalibrate', 'method': None, 'confirm': None, 'enable': 'True', 'params': '{}', 'style': None}}, {'more limits': {'name': "{{ gettext('Limits') }}", 'icon': 'fine-tune', 'panel': 'limits', 'method': None, 'confirm': None, 'enable': 'True', 'params': '{}', 'style': None}}, {'more fan': {'name': "{{ gettext('Fan') }}", 'icon': 'fan', 'panel': 'fan', 'method': None, 'confirm': None, 'enable': '{{ printer.fans.count > 0 }}', 'params': '{}', 'style': None}}, {'more led': {'name': "{{ gettext('Leds') }}", 'icon': 'light', 'panel': 'led', 'method': None, 'confirm': None, 'enable': '{{ printer.leds.count > 0 }}', 'params': '{}', 'style': None}}, {'more macros': {'name': "{{ gettext('Macros') }}", 'icon': 'custom-script', 'panel': 'gcode_macros', 'method': None, 'confirm': None, 'enable': '{{ printer.gcode_macros.count > 0 }}', 'params': '{}', 'style': None}}, {'more pins': {'name': "{{ gettext('Pins') }}", 'icon': 'hashtag', 'panel': 'pins', 'method': None, 'confirm': None, 'enable': '{{ printer.output_pins.count > 0 or printer.pwm_tools.count > 0 }}', 'params': '{}', 'style': None}}, {'more power': {'name': "{{ gettext('Power') }}", 'icon': 'shutdown', 'panel': 'power', 'method': None, 'confirm': None, 'enable': '{{ moonraker.power_devices.count > 0 }}', 'params': '{}', 'style': None}}, {'more camera': {'name': "{{ gettext('Camera') }}", 'icon': 'camera', 'panel': 'camera', 'method': None, 'confirm': None, 'enable': '{{ moonraker.cameras.count > 0 }}', 'params': '{}', 'style': None}}, {'more console': {'name': "{{ gettext('Console') }}", 'icon': 'console', 'panel': 'console', 'method': None, 'confirm': None, 'enable': 'True', 'params': '{}', 'style': None}}, {'more updater': {'name': "{{ gettext('Update') }}", 'icon': 'refresh', 'panel': 'updater', 'method': None, 'confirm': None, 'enable': 'True', 'params': '{}', 'style': None}}, {'more input_shaper': {'name': "{{ gettext('Input Shaper') }}", 'icon': 'move', 'panel': 'input_shaper', 'method': None, 'confirm': None, 'enable': "{{ 'input_shaper' in printer.config_sections }}", 'params': '{}', 'style': None}}, {'more save': {'name': "{{ gettext('Save Config') }}", 'icon': 'complete', 'panel': None, 'method': 'ks_confirm_save', 'confirm': None, 'enable': 'True', 'params': '{}', 'style': None}}, {'more settings': {'name': 'KlipperScreen', 'icon': 'settings', 'panel': 'settings', 'method': None, 'confirm': None, 'enable': 'True', 'params': '{}', 'style': None}}, {'more network': {'name': "{{ gettext('Network') }}", 'icon': 'network', 'panel': 'network', 'method': None, 'confirm': None, 'enable': 'True', 'params': '{}', 'style': None}}, {'more notifications': {'name': "{{ gettext('Notifications') }}", 'icon': 'notifications', 'panel': 'notifications', 'method': None, 'confirm': None, 'enable': 'True', 'params': '{}', 'style': None}}, {'more spoolman': {'name': 'Spoolman', 'icon': 'spoolman', 'panel': 'spoolman', 'method': None, 'confirm': None, 'enable': '{{ moonraker.spoolman }}', 'params': '{}', 'style': None}}, {'more system': {'name': "{{ gettext('System') }}", 'icon': 'info', 'panel': 'system', 'method': None, 'confirm': None, 'enable': '{{ moonraker_connected }}', 'params': '{}', 'style': None}}, {'more fine_tune': {'name': "{{ gettext('Fine Tuning') }}", 'icon': 'fine-tune', 'panel': 'fine_tune', 'method': None, 'confirm': None, 'enable': 'True', 'params': '{}', 'style': None}}]
2026-08-13 17:25:54,519 [screen.py:show_panel()] - Reinitializing panel gcode_macros
2026-08-13 17:25:54,581 [screen.py:attach_panel()] - Current panel hierarchy: main_menu > more > gcode_macros
2026-08-13 17:26:13,425 [screen.py:show_popup_message()] - echo: SLOW_CONFIG  BED_TEMP=80
2026-08-13 17:26:13,435 [screen.py:_send_action()] - printer.gcode.script: {'script': 'SLOW_CONFIG BED_TEMP=80'}
2026-08-13 17:32:38,164 [screen.py:show_popup_message()] - error: BLTouch failed to deploy
2026-08-13 17:32:59,055 [screen.py:_menu_go_back()] - #### Menu go back
2026-08-13 17:32:59,102 [screen.py:attach_panel()] - Current panel hierarchy: main_menu > more
2026-08-13 17:32:59,121 [menu.py:arrangeMenuItems()] - X > more bedlevel
2026-08-13 17:32:59,162 [menu.py:arrangeMenuItems()] - X > more power
2026-08-13 17:32:59,195 [menu.py:arrangeMenuItems()] - X > more spoolman
2026-08-13 17:32:59,195 [menu.py:evaluate_enable()] - moonraker connected True
2026-08-13 17:32:59,663 [screen.py:_menu_go_back()] - #### Menu go back
2026-08-13 17:32:59,697 [screen.py:attach_panel()] - Current panel hierarchy: main_menu
2026-08-13 17:33:01,068 [screen.py:show_panel()] - Reinitializing panel gcodes
2026-08-13 17:33:01,088 [gcodes.py:__init__()] - Thumbsize: 196.3
2026-08-13 17:33:01,233 [gcodes.py:__init__()] - list
2026-08-13 17:33:01,258 [KlippyWebsocket.py:get_dir_info()] - Sending server.files.get_directory  gcodes
2026-08-13 17:33:01,276 [screen.py:attach_panel()] - Current panel hierarchy: main_menu > gcodes
2026-08-13 17:33:03,289 [gcodes.py:load_files()] - Loaded in 1.735 seconds
2026-08-13 17:33:03,344 [screen.py:_menu_go_back()] - #### Menu go back
2026-08-13 17:33:03,415 [screen.py:attach_panel()] - Current panel hierarchy: main_menu
2026-08-13 17:33:04,798 [screen.py:_go_to_submenu()] - #### Go to submenu more
2026-08-13 17:33:04,799 [screen.py:_go_to_submenu()] - #### Menu __main
2026-08-13 17:33:04,840 [screen.py:attach_panel()] - Current panel hierarchy: main_menu > more
2026-08-13 17:33:04,858 [menu.py:arrangeMenuItems()] - X > more bedlevel
2026-08-13 17:33:04,898 [menu.py:arrangeMenuItems()] - X > more power
2026-08-13 17:33:04,930 [menu.py:arrangeMenuItems()] - X > more spoolman
2026-08-13 17:33:04,931 [menu.py:evaluate_enable()] - moonraker connected True
2026-08-13 17:33:04,964 [screen.py:_go_to_submenu()] - menu, {{ gettext('More') }}, panel_name=more, items=[{'more bedlevel': {'name': "{{ gettext('Bed Level') }}", 'icon': 'bed-level', 'panel': 'bed_level', 'method': None, 'confirm': None, 'enable': "{{ 'bed_screws' in printer.config_sections or 'screws_tilt_adjust' in printer.config_sections }}", 'params': '{}', 'style': None}}, {'more bedmesh': {'name': "{{ gettext('Bed Mesh') }}", 'icon': 'bed-mesh', 'panel': 'bed_mesh', 'method': None, 'confirm': None, 'enable': "{{ 'bed_mesh' in printer.config_sections }}", 'params': '{}', 'style': None}}, {'more zoffset': {'name': "{{ gettext('Z Calibrate') }}", 'icon': 'z-farther', 'panel': 'zcalibrate', 'method': None, 'confirm': None, 'enable': 'True', 'params': '{}', 'style': None}}, {'more limits': {'name': "{{ gettext('Limits') }}", 'icon': 'fine-tune', 'panel': 'limits', 'method': None, 'confirm': None, 'enable': 'True', 'params': '{}', 'style': None}}, {'more fan': {'name': "{{ gettext('Fan') }}", 'icon': 'fan', 'panel': 'fan', 'method': None, 'confirm': None, 'enable': '{{ printer.fans.count > 0 }}', 'params': '{}', 'style': None}}, {'more led': {'name': "{{ gettext('Leds') }}", 'icon': 'light', 'panel': 'led', 'method': None, 'confirm': None, 'enable': '{{ printer.leds.count > 0 }}', 'params': '{}', 'style': None}}, {'more macros': {'name': "{{ gettext('Macros') }}", 'icon': 'custom-script', 'panel': 'gcode_macros', 'method': None, 'confirm': None, 'enable': '{{ printer.gcode_macros.count > 0 }}', 'params': '{}', 'style': None}}, {'more pins': {'name': "{{ gettext('Pins') }}", 'icon': 'hashtag', 'panel': 'pins', 'method': None, 'confirm': None, 'enable': '{{ printer.output_pins.count > 0 or printer.pwm_tools.count > 0 }}', 'params': '{}', 'style': None}}, {'more power': {'name': "{{ gettext('Power') }}", 'icon': 'shutdown', 'panel': 'power', 'method': None, 'confirm': None, 'enable': '{{ moonraker.power_devices.count > 0 }}', 'params': '{}', 'style': None}}, {'more camera': {'name': "{{ gettext('Camera') }}", 'icon': 'camera', 'panel': 'camera', 'method': None, 'confirm': None, 'enable': '{{ moonraker.cameras.count > 0 }}', 'params': '{}', 'style': None}}, {'more console': {'name': "{{ gettext('Console') }}", 'icon': 'console', 'panel': 'console', 'method': None, 'confirm': None, 'enable': 'True', 'params': '{}', 'style': None}}, {'more updater': {'name': "{{ gettext('Update') }}", 'icon': 'refresh', 'panel': 'updater', 'method': None, 'confirm': None, 'enable': 'True', 'params': '{}', 'style': None}}, {'more input_shaper': {'name': "{{ gettext('Input Shaper') }}", 'icon': 'move', 'panel': 'input_shaper', 'method': None, 'confirm': None, 'enable': "{{ 'input_shaper' in printer.config_sections }}", 'params': '{}', 'style': None}}, {'more save': {'name': "{{ gettext('Save Config') }}", 'icon': 'complete', 'panel': None, 'method': 'ks_confirm_save', 'confirm': None, 'enable': 'True', 'params': '{}', 'style': None}}, {'more settings': {'name': 'KlipperScreen', 'icon': 'settings', 'panel': 'settings', 'method': None, 'confirm': None, 'enable': 'True', 'params': '{}', 'style': None}}, {'more network': {'name': "{{ gettext('Network') }}", 'icon': 'network', 'panel': 'network', 'method': None, 'confirm': None, 'enable': 'True', 'params': '{}', 'style': None}}, {'more notifications': {'name': "{{ gettext('Notifications') }}", 'icon': 'notifications', 'panel': 'notifications', 'method': None, 'confirm': None, 'enable': 'True', 'params': '{}', 'style': None}}, {'more spoolman': {'name': 'Spoolman', 'icon': 'spoolman', 'panel': 'spoolman', 'method': None, 'confirm': None, 'enable': '{{ moonraker.spoolman }}', 'params': '{}', 'style': None}}, {'more system': {'name': "{{ gettext('System') }}", 'icon': 'info', 'panel': 'system', 'method': None, 'confirm': None, 'enable': '{{ moonraker_connected }}', 'params': '{}', 'style': None}}, {'more fine_tune': {'name': "{{ gettext('Fine Tuning') }}", 'icon': 'fine-tune', 'panel': 'fine_tune', 'method': None, 'confirm': None, 'enable': 'True', 'params': '{}', 'style': None}}]
2026-08-13 17:33:05,530 [screen.py:show_panel()] - Reinitializing panel console
2026-08-13 17:33:05,598 [screen.py:attach_panel()] - Current panel hierarchy: main_menu > more > console
2026-08-13 17:17:42,848 [functions.py:log_start()] - --------------------KlipperScreen Log Start--------------------
2026-08-13 17:17:42,849 [functions.py:log_start()] - KlipperScreen Version: v0.4.6-64-g7f8cb47
2026-08-13 17:17:42,850 [functions.py:log_start()] - Python version: 3.9
2026-08-13 17:17:43,094 [config.py:get_config_file_location()] - Passed config (-c): .
2026-08-13 17:17:43,095 [config.py:__init__()] - Config path location: /home/biqu/printer_data/config/KlipperScreen.conf
2026-08-13 17:17:43,150 [config.py:log_config()] - ===== Config File =====
[main]
show_cursor = True
=======================
2026-08-13 17:17:43,154 [config.py:__init__()] - 
====== Saved ======

[main]
font_size = small
show_cursor = True
print_sort_dir = date_desc
print_view = list

[graph Printer]
extruder = False


2026-08-13 17:17:43,157 [config.py:__init__()] - Configured printers: [
  {
    "Printer": {
      "moonraker_host": "127.0.0.1",
      "moonraker_port": "7125",
      "moonraker_path": "",
      "moonraker_ssl": null,
      "moonraker_api_key": ""
    }
  }
]
2026-08-13 17:17:43,346 [config.py:create_translations()] - Selected lang: system_lang OS lang: en_US
2026-08-13 17:17:43,347 [config.py:install_language()] - Using lang en
2026-08-13 17:17:43,386 [screen.py:__init__()] - Display for xset: :0
2026-08-13 17:17:43,389 [screen.py:__init__()] - Screen 0: 1366x768
2026-08-13 17:17:43,390 [screen.py:__init__()] - Monitors: 1 using number: 0
2026-08-13 17:17:43,391 [screen.py:__init__()] - Wayland: False Display name: :0
2026-08-13 17:17:43,395 [screen.py:__init__()] - Screen resolution: 1366x768
2026-08-13 17:17:43,670 [KlippyGtk.py:__init__()] - Font size: 25.9 (small)
2026-08-13 17:17:44,154 [base_panel.py:battery_percentage()] - Battery information not available.
2026-08-13 17:17:44,473 [screen.py:set_dpms_timeout()] - DPMS on :0 set to: 3600
2026-08-13 17:17:44,475 [screen.py:set_screenblanking_timeout()] - Blanking timeout: 3600
2026-08-13 17:17:44,476 [screen.py:initial_connection()] - Default printer: None
2026-08-13 17:17:44,583 [screen.py:connect_printer()] - Connecting to printer: Printer
2026-08-13 17:17:44,585 [screen.py:_remove_all_panels()] - Removing all panels
2026-08-13 17:17:44,676 [screen.py:_load_panel()] - Loading panel: splash_screen
2026-08-13 17:17:44,757 [screen.py:attach_panel()] - Current panel hierarchy: splash_screen
2026-08-13 17:17:44,808 [KlippyWebsocket.py:connect()] - Attempting to connect
2026-08-13 17:17:44,809 [KlippyWebsocket.py:connect()] - Starting websocket thread
2026-08-13 17:17:44,830 [_logging.py:info()] - Websocket connected
2026-08-13 17:17:44,830 [KlippyWebsocket.py:on_open()] - Moonraker Websocket Open
2026-08-13 17:17:44,839 [screen.py:websocket_connected()] - ### websocket_connected
2026-08-13 17:17:44,898 [KlippyWebsocket.py:identify_client()] - Sending server.connection.identify
2026-08-13 17:17:44,923 [printer.py:configure_cameras()] - Cameras: [{'name': 'MAIN-WEBCAM', 'enabled': True, 'icon': 'mdiWebcam', 'aspect_ratio': '4:3', 'target_fps': 15, 'target_fps_idle': 15, 'location': 'printer', 'service': 'mjpegstreamer-adaptive', 'stream_url': '/webcam/?action=stream', 'snapshot_url': '/webcam/?action=snapshot', 'flip_horizontal': False, 'flip_vertical': False, 'rotation': 0, 'source': 'database', 'extra_data': {}, 'uid': '6db9fdef-ebb0-4c42-8a1a-f022bbcfdb1a'}]
2026-08-13 17:17:44,943 [screen.py:init_klipper()] - Moonraker info {'klippy_connected': True, 'klippy_state': 'ready', 'components': ['secrets', 'template', 'klippy_connection', 'jsonrpc', 'internal_transport', 'application', 'websockets', 'database', 'dbus_manager', 'file_manager', 'authorization', 'klippy_apis', 'shell_command', 'machine', 'data_store', 'proc_stats', 'job_state', 'job_queue', 'history', 'http_client', 'announcements', 'webcam', 'extensions', 'timelapse', 'update_manager', 'octoprint_compat'], 'failed_components': [], 'registered_directories': ['config', 'logs', 'gcodes', 'timelapse', 'timelapse_frames', 'config_examples', 'docs'], 'warnings': [], 'websocket_count': 1, 'moonraker_version': 'v0.9.3-130-g5b92e52', 'missing_klippy_requirements': [], 'api_version': [1, 5, 0], 'api_version_string': '1.5.0'}
2026-08-13 17:17:45,044 [printer.py:log_counts()] - Klipper version: v0.13.0-435-g8b58aa13-dirty
2026-08-13 17:17:45,045 [printer.py:log_counts()] - # Extruders: 1
2026-08-13 17:17:45,045 [printer.py:log_counts()] - # Temperature devices: 4
2026-08-13 17:17:45,045 [printer.py:log_counts()] - # Fans: 4
2026-08-13 17:17:45,046 [printer.py:log_counts()] - # Output pins: 1
2026-08-13 17:17:45,046 [printer.py:log_counts()] - # PWM tools: 0
2026-08-13 17:17:45,046 [printer.py:log_counts()] - # Leds: 2
2026-08-13 17:17:45,306 [KlippyWebsocket.py:object_subscription()] - Sending printer.objects.subscribe
2026-08-13 17:17:45,308 [files.py:set_gcodes_path()] - Gcodes path: /home/biqu/printer_data/gcodes
2026-08-13 17:17:45,309 [screen.py:init_klipper()] - Printer initialized
2026-08-13 17:17:45,311 [printer.py:change_state()] - Changing state from 'disconnected' to 'ready'
2026-08-13 17:17:45,311 [printer.py:change_state()] - Adding callback for state: ready
2026-08-13 17:17:45,438 [screen.py:set_dpms_timeout()] - DPMS on :0 set to: 3600
2026-08-13 17:17:45,439 [screen.py:set_screenblanking_timeout()] - Blanking timeout: 3600
2026-08-13 17:17:45,439 [KlippyWebsocket.py:get_file_list()] - Sending server.files.list
2026-08-13 17:17:45,444 [screen.py:_remove_all_panels()] - Removing all panels
2026-08-13 17:17:45,556 [screen.py:_load_panel()] - Loading panel: main_menu
2026-08-13 17:17:45,882 [main_menu.py:__init__()] - ### Making MainMenu
2026-08-13 17:17:45,999 [main_menu.py:add_device()] - Adding device: extruder
2026-08-13 17:17:46,011 [main_menu.py:add_device()] - Adding device: heater_bed
2026-08-13 17:17:46,025 [main_menu.py:add_device()] - Adding device: temperature_sensor mcu_temp
2026-08-13 17:17:46,037 [main_menu.py:add_device()] - Adding device: temperature_sensor Host_temp
2026-08-13 17:17:46,045 [main_menu.py:add_device()] - Adding device: temperature_sensor Toolhead_Temp
2026-08-13 17:17:46,085 [menu.py:arrangeMenuItems()] - X > gcodes
2026-08-13 17:17:46,098 [screen.py:attach_panel()] - Current panel hierarchy: main_menu
2026-08-13 17:17:46,144 [printer.py:init_temp_store()] - Temp store: ['heater_bed', 'temperature_sensor mcu_temp', 'temperature_sensor Host_temp', 'temperature_sensor Toolhead_Temp', 'extruder']
2026-08-13 17:17:46,168 [screen.py:init_tempstore()] - Temperature store size: 1200
2026-08-13 17:17:48,099 [screen.py:_load_panel()] - Loading panel: move
2026-08-13 17:17:48,253 [screen.py:attach_panel()] - Current panel hierarchy: main_menu > move
2026-08-13 17:17:49,541 [screen.py:_load_panel()] - Loading panel: menu
2026-08-13 17:17:49,693 [screen.py:attach_panel()] - Current panel hierarchy: main_menu > move > menu
2026-08-13 17:17:49,723 [menu.py:arrangeMenuItems()] - X > homing Z-Tilt
2026-08-13 17:17:50,888 [screen.py:_send_action()] - printer.gcode.script: {'script': 'G28'}
2026-08-13 17:35:10,689 [base_panel.py:battery_percentage()] - Battery information not available.
2026-08-13 17:35:11,153 [screen.py:_menu_go_back()] - #### Menu go back
2026-08-13 17:35:11,179 [screen.py:attach_panel()] - Current panel hierarchy: main_menu > move
2026-08-13 17:35:17,586 [screen.py:_send_action()] - printer.gcode.script: {'script': 'G91\nG0 z+25 F600'}
2026-08-13 17:35:17,592 [KlippyWebsocket.py:gcode_script()] - Sending printer.gcode.script: G90
2026-08-13 17:35:21,730 [screen.py:_send_action()] - printer.gcode.script: {'script': 'G91\nG0 z+25 F600'}
2026-08-13 17:35:21,735 [KlippyWebsocket.py:gcode_script()] - Sending printer.gcode.script: G90
2026-08-13 17:35:43,948 [screen.py:_menu_go_back()] - #### Menu go back
2026-08-13 17:35:43,977 [screen.py:attach_panel()] - Current panel hierarchy: main_menu
2026-08-13 17:35:47,388 [screen.py:_go_to_submenu()] - #### Go to submenu more
2026-08-13 17:35:47,389 [screen.py:_go_to_submenu()] - #### Menu __main
2026-08-13 17:35:47,398 [screen.py:_load_panel()] - Loading panel: menu
2026-08-13 17:35:47,482 [menu.py:evaluate_enable()] - moonraker connected True
2026-08-13 17:35:47,775 [screen.py:attach_panel()] - Current panel hierarchy: main_menu > more
2026-08-13 17:35:47,791 [menu.py:arrangeMenuItems()] - X > more bedlevel
2026-08-13 17:35:47,834 [menu.py:arrangeMenuItems()] - X > more power
2026-08-13 17:35:47,866 [menu.py:arrangeMenuItems()] - X > more spoolman
2026-08-13 17:35:47,866 [menu.py:evaluate_enable()] - moonraker connected True
2026-08-13 17:35:47,896 [screen.py:_go_to_submenu()] - menu, {{ gettext('More') }}, panel_name=more, items=[{'more bedlevel': {'name': "{{ gettext('Bed Level') }}", 'icon': 'bed-level', 'panel': 'bed_level', 'method': None, 'confirm': None, 'enable': "{{ 'bed_screws' in printer.config_sections or 'screws_tilt_adjust' in printer.config_sections }}", 'params': '{}', 'style': None}}, {'more bedmesh': {'name': "{{ gettext('Bed Mesh') }}", 'icon': 'bed-mesh', 'panel': 'bed_mesh', 'method': None, 'confirm': None, 'enable': "{{ 'bed_mesh' in printer.config_sections }}", 'params': '{}', 'style': None}}, {'more zoffset': {'name': "{{ gettext('Z Calibrate') }}", 'icon': 'z-farther', 'panel': 'zcalibrate', 'method': None, 'confirm': None, 'enable': 'True', 'params': '{}', 'style': None}}, {'more limits': {'name': "{{ gettext('Limits') }}", 'icon': 'fine-tune', 'panel': 'limits', 'method': None, 'confirm': None, 'enable': 'True', 'params': '{}', 'style': None}}, {'more fan': {'name': "{{ gettext('Fan') }}", 'icon': 'fan', 'panel': 'fan', 'method': None, 'confirm': None, 'enable': '{{ printer.fans.count > 0 }}', 'params': '{}', 'style': None}}, {'more led': {'name': "{{ gettext('Leds') }}", 'icon': 'light', 'panel': 'led', 'method': None, 'confirm': None, 'enable': '{{ printer.leds.count > 0 }}', 'params': '{}', 'style': None}}, {'more macros': {'name': "{{ gettext('Macros') }}", 'icon': 'custom-script', 'panel': 'gcode_macros', 'method': None, 'confirm': None, 'enable': '{{ printer.gcode_macros.count > 0 }}', 'params': '{}', 'style': None}}, {'more pins': {'name': "{{ gettext('Pins') }}", 'icon': 'hashtag', 'panel': 'pins', 'method': None, 'confirm': None, 'enable': '{{ printer.output_pins.count > 0 or printer.pwm_tools.count > 0 }}', 'params': '{}', 'style': None}}, {'more power': {'name': "{{ gettext('Power') }}", 'icon': 'shutdown', 'panel': 'power', 'method': None, 'confirm': None, 'enable': '{{ moonraker.power_devices.count > 0 }}', 'params': '{}', 'style': None}}, {'more camera': {'name': "{{ gettext('Camera') }}", 'icon': 'camera', 'panel': 'camera', 'method': None, 'confirm': None, 'enable': '{{ moonraker.cameras.count > 0 }}', 'params': '{}', 'style': None}}, {'more console': {'name': "{{ gettext('Console') }}", 'icon': 'console', 'panel': 'console', 'method': None, 'confirm': None, 'enable': 'True', 'params': '{}', 'style': None}}, {'more updater': {'name': "{{ gettext('Update') }}", 'icon': 'refresh', 'panel': 'updater', 'method': None, 'confirm': None, 'enable': 'True', 'params': '{}', 'style': None}}, {'more input_shaper': {'name': "{{ gettext('Input Shaper') }}", 'icon': 'move', 'panel': 'input_shaper', 'method': None, 'confirm': None, 'enable': "{{ 'input_shaper' in printer.config_sections }}", 'params': '{}', 'style': None}}, {'more save': {'name': "{{ gettext('Save Config') }}", 'icon': 'complete', 'panel': None, 'method': 'ks_confirm_save', 'confirm': None, 'enable': 'True', 'params': '{}', 'style': None}}, {'more settings': {'name': 'KlipperScreen', 'icon': 'settings', 'panel': 'settings', 'method': None, 'confirm': None, 'enable': 'True', 'params': '{}', 'style': None}}, {'more network': {'name': "{{ gettext('Network') }}", 'icon': 'network', 'panel': 'network', 'method': None, 'confirm': None, 'enable': 'True', 'params': '{}', 'style': None}}, {'more notifications': {'name': "{{ gettext('Notifications') }}", 'icon': 'notifications', 'panel': 'notifications', 'method': None, 'confirm': None, 'enable': 'True', 'params': '{}', 'style': None}}, {'more spoolman': {'name': 'Spoolman', 'icon': 'spoolman', 'panel': 'spoolman', 'method': None, 'confirm': None, 'enable': '{{ moonraker.spoolman }}', 'params': '{}', 'style': None}}, {'more system': {'name': "{{ gettext('System') }}", 'icon': 'info', 'panel': 'system', 'method': None, 'confirm': None, 'enable': '{{ moonraker_connected }}', 'params': '{}', 'style': None}}, {'more fine_tune': {'name': "{{ gettext('Fine Tuning') }}", 'icon': 'fine-tune', 'panel': 'fine_tune', 'method': None, 'confirm': None, 'enable': 'True', 'params': '{}', 'style': None}}]
2026-08-13 17:35:48,868 [screen.py:_menu_go_back()] - #### Menu go back
2026-08-13 17:35:48,896 [screen.py:attach_panel()] - Current panel hierarchy: main_menu
2026-08-13 17:35:49,756 [screen.py:_go_to_submenu()] - #### Go to submenu more
2026-08-13 17:35:49,757 [screen.py:_go_to_submenu()] - #### Menu __main
2026-08-13 17:35:49,800 [screen.py:attach_panel()] - Current panel hierarchy: main_menu > more
2026-08-13 17:35:49,817 [menu.py:arrangeMenuItems()] - X > more bedlevel
2026-08-13 17:35:49,860 [menu.py:arrangeMenuItems()] - X > more power
2026-08-13 17:35:49,893 [menu.py:arrangeMenuItems()] - X > more spoolman
2026-08-13 17:35:49,894 [menu.py:evaluate_enable()] - moonraker connected True
2026-08-13 17:35:49,927 [screen.py:_go_to_submenu()] - menu, {{ gettext('More') }}, panel_name=more, items=[{'more bedlevel': {'name': "{{ gettext('Bed Level') }}", 'icon': 'bed-level', 'panel': 'bed_level', 'method': None, 'confirm': None, 'enable': "{{ 'bed_screws' in printer.config_sections or 'screws_tilt_adjust' in printer.config_sections }}", 'params': '{}', 'style': None}}, {'more bedmesh': {'name': "{{ gettext('Bed Mesh') }}", 'icon': 'bed-mesh', 'panel': 'bed_mesh', 'method': None, 'confirm': None, 'enable': "{{ 'bed_mesh' in printer.config_sections }}", 'params': '{}', 'style': None}}, {'more zoffset': {'name': "{{ gettext('Z Calibrate') }}", 'icon': 'z-farther', 'panel': 'zcalibrate', 'method': None, 'confirm': None, 'enable': 'True', 'params': '{}', 'style': None}}, {'more limits': {'name': "{{ gettext('Limits') }}", 'icon': 'fine-tune', 'panel': 'limits', 'method': None, 'confirm': None, 'enable': 'True', 'params': '{}', 'style': None}}, {'more fan': {'name': "{{ gettext('Fan') }}", 'icon': 'fan', 'panel': 'fan', 'method': None, 'confirm': None, 'enable': '{{ printer.fans.count > 0 }}', 'params': '{}', 'style': None}}, {'more led': {'name': "{{ gettext('Leds') }}", 'icon': 'light', 'panel': 'led', 'method': None, 'confirm': None, 'enable': '{{ printer.leds.count > 0 }}', 'params': '{}', 'style': None}}, {'more macros': {'name': "{{ gettext('Macros') }}", 'icon': 'custom-script', 'panel': 'gcode_macros', 'method': None, 'confirm': None, 'enable': '{{ printer.gcode_macros.count > 0 }}', 'params': '{}', 'style': None}}, {'more pins': {'name': "{{ gettext('Pins') }}", 'icon': 'hashtag', 'panel': 'pins', 'method': None, 'confirm': None, 'enable': '{{ printer.output_pins.count > 0 or printer.pwm_tools.count > 0 }}', 'params': '{}', 'style': None}}, {'more power': {'name': "{{ gettext('Power') }}", 'icon': 'shutdown', 'panel': 'power', 'method': None, 'confirm': None, 'enable': '{{ moonraker.power_devices.count > 0 }}', 'params': '{}', 'style': None}}, {'more camera': {'name': "{{ gettext('Camera') }}", 'icon': 'camera', 'panel': 'camera', 'method': None, 'confirm': None, 'enable': '{{ moonraker.cameras.count > 0 }}', 'params': '{}', 'style': None}}, {'more console': {'name': "{{ gettext('Console') }}", 'icon': 'console', 'panel': 'console', 'method': None, 'confirm': None, 'enable': 'True', 'params': '{}', 'style': None}}, {'more updater': {'name': "{{ gettext('Update') }}", 'icon': 'refresh', 'panel': 'updater', 'method': None, 'confirm': None, 'enable': 'True', 'params': '{}', 'style': None}}, {'more input_shaper': {'name': "{{ gettext('Input Shaper') }}", 'icon': 'move', 'panel': 'input_shaper', 'method': None, 'confirm': None, 'enable': "{{ 'input_shaper' in printer.config_sections }}", 'params': '{}', 'style': None}}, {'more save': {'name': "{{ gettext('Save Config') }}", 'icon': 'complete', 'panel': None, 'method': 'ks_confirm_save', 'confirm': None, 'enable': 'True', 'params': '{}', 'style': None}}, {'more settings': {'name': 'KlipperScreen', 'icon': 'settings', 'panel': 'settings', 'method': None, 'confirm': None, 'enable': 'True', 'params': '{}', 'style': None}}, {'more network': {'name': "{{ gettext('Network') }}", 'icon': 'network', 'panel': 'network', 'method': None, 'confirm': None, 'enable': 'True', 'params': '{}', 'style': None}}, {'more notifications': {'name': "{{ gettext('Notifications') }}", 'icon': 'notifications', 'panel': 'notifications', 'method': None, 'confirm': None, 'enable': 'True', 'params': '{}', 'style': None}}, {'more spoolman': {'name': 'Spoolman', 'icon': 'spoolman', 'panel': 'spoolman', 'method': None, 'confirm': None, 'enable': '{{ moonraker.spoolman }}', 'params': '{}', 'style': None}}, {'more system': {'name': "{{ gettext('System') }}", 'icon': 'info', 'panel': 'system', 'method': None, 'confirm': None, 'enable': '{{ moonraker_connected }}', 'params': '{}', 'style': None}}, {'more fine_tune': {'name': "{{ gettext('Fine Tuning') }}", 'icon': 'fine-tune', 'panel': 'fine_tune', 'method': None, 'confirm': None, 'enable': 'True', 'params': '{}', 'style': None}}]
2026-08-13 17:35:50,798 [screen.py:_load_panel()] - Loading panel: gcode_macros
2026-08-13 17:35:50,846 [screen.py:attach_panel()] - Current panel hierarchy: main_menu > more > gcode_macros
2026-08-13 17:36:00,418 [screen.py:show_popup_message()] - echo: SLOW_CONFIG  BED_TEMP=80
2026-08-13 17:36:00,429 [screen.py:_send_action()] - printer.gcode.script: {'script': 'SLOW_CONFIG BED_TEMP=80'}
2026-08-13 17:36:02,436 [screen.py:_menu_go_back()] - #### Menu go back
2026-08-13 17:36:02,487 [screen.py:attach_panel()] - Current panel hierarchy: main_menu > more
2026-08-13 17:36:02,504 [menu.py:arrangeMenuItems()] - X > more bedlevel
2026-08-13 17:36:02,545 [menu.py:arrangeMenuItems()] - X > more power
2026-08-13 17:36:02,577 [menu.py:arrangeMenuItems()] - X > more spoolman
2026-08-13 17:36:02,578 [menu.py:evaluate_enable()] - moonraker connected True
2026-08-13 17:36:03,141 [screen.py:_menu_go_back()] - #### Menu go back
2026-08-13 17:36:03,185 [screen.py:attach_panel()] - Current panel hierarchy: main_menu
2026-08-13 17:54:18,702 [KlippyGtk.py:Dialog()] - Showing dialog KlipperScreen (width=1366, height=768)
2026-08-13 17:54:20,396 [printer.py:change_state()] - Changing state from 'ready' to 'disconnected'
2026-08-13 17:54:20,396 [printer.py:change_state()] - Adding callback for state: disconnected
2026-08-13 17:54:20,456 [screen.py:set_dpms_timeout()] - DPMS on :0 set to: 3600
2026-08-13 17:54:20,457 [screen.py:set_screenblanking_timeout()] - Blanking timeout: 3600
2026-08-13 17:54:20,457 [screen.py:state_disconnected()] - ### Going to disconnected
2026-08-13 17:54:20,459 [screen.py:_remove_all_panels()] - Removing all panels
2026-08-13 17:54:20,590 [KlippyGtk.py:remove_dialog()] - Removing Dialog
2026-08-13 17:54:20,591 [screen.py:show_panel()] - Reinitializing panel splash_screen
2026-08-13 17:54:20,634 [screen.py:attach_panel()] - Current panel hierarchy: splash_screen
2026-08-13 17:54:24,712 [screen.py:init_klipper()] - Moonraker info {'klippy_connected': True, 'klippy_state': 'startup', 'components': ['secrets', 'template', 'klippy_connection', 'jsonrpc', 'internal_transport', 'application', 'websockets', 'database', 'dbus_manager', 'file_manager', 'authorization', 'klippy_apis', 'shell_command', 'machine', 'data_store', 'proc_stats', 'job_state', 'job_queue', 'history', 'http_client', 'announcements', 'webcam', 'extensions', 'timelapse', 'update_manager', 'octoprint_compat'], 'failed_components': [], 'registered_directories': ['config', 'logs', 'gcodes', 'timelapse', 'timelapse_frames', 'config_examples', 'docs'], 'warnings': [], 'websocket_count': 1, 'moonraker_version': 'v0.9.3-130-g5b92e52', 'missing_klippy_requirements': [], 'api_version': [1, 5, 0], 'api_version_string': '1.5.0'}
2026-08-13 17:54:26,213 [printer.py:log_counts()] - Klipper version: v0.13.0-435-g8b58aa13-dirty
2026-08-13 17:54:26,214 [printer.py:log_counts()] - # Extruders: 1
2026-08-13 17:54:26,214 [printer.py:log_counts()] - # Temperature devices: 4
2026-08-13 17:54:26,215 [printer.py:log_counts()] - # Fans: 4
2026-08-13 17:54:26,215 [printer.py:log_counts()] - # Output pins: 1
2026-08-13 17:54:26,216 [printer.py:log_counts()] - # PWM tools: 0
2026-08-13 17:54:26,216 [printer.py:log_counts()] - # Leds: 2
2026-08-13 17:54:26,471 [KlippyWebsocket.py:object_subscription()] - Sending printer.objects.subscribe
2026-08-13 17:54:26,474 [files.py:set_gcodes_path()] - Gcodes path: /home/biqu/printer_data/gcodes
2026-08-13 17:54:26,475 [screen.py:init_klipper()] - Printer initialized
2026-08-13 17:54:26,477 [printer.py:change_state()] - Changing state from 'disconnected' to 'startup'
2026-08-13 17:54:26,478 [printer.py:change_state()] - Adding callback for state: startup
2026-08-13 17:54:26,568 [screen.py:set_dpms_timeout()] - DPMS on :0 set to: 3600
2026-08-13 17:54:26,569 [screen.py:set_screenblanking_timeout()] - Blanking timeout: 3600
2026-08-13 17:54:29,958 [printer.py:change_state()] - Changing state from 'startup' to 'ready'
2026-08-13 17:54:29,959 [printer.py:change_state()] - Adding callback for state: ready
2026-08-13 17:54:30,002 [screen.py:set_dpms_timeout()] - DPMS on :0 set to: 3600
2026-08-13 17:54:30,003 [screen.py:set_screenblanking_timeout()] - Blanking timeout: 3600
2026-08-13 17:54:30,004 [KlippyWebsocket.py:get_file_list()] - Sending server.files.list
2026-08-13 17:54:30,008 [screen.py:_remove_all_panels()] - Removing all panels
2026-08-13 17:54:30,122 [screen.py:show_panel()] - Reinitializing panel main_menu
2026-08-13 17:54:30,261 [main_menu.py:__init__()] - ### Making MainMenu
2026-08-13 17:54:30,314 [main_menu.py:add_device()] - Adding device: extruder
2026-08-13 17:54:30,321 [main_menu.py:add_device()] - Adding device: heater_bed
2026-08-13 17:54:30,328 [main_menu.py:add_device()] - Adding device: temperature_sensor mcu_temp
2026-08-13 17:54:30,335 [main_menu.py:add_device()] - Adding device: temperature_sensor Host_temp
2026-08-13 17:54:30,342 [main_menu.py:add_device()] - Adding device: temperature_sensor Toolhead_Temp
2026-08-13 17:54:30,380 [menu.py:arrangeMenuItems()] - X > gcodes
2026-08-13 17:54:30,391 [screen.py:attach_panel()] - Current panel hierarchy: main_menu
2026-08-13 17:54:30,429 [printer.py:init_temp_store()] - Temp store: ['heater_bed', 'temperature_sensor mcu_temp', 'temperature_sensor Host_temp', 'temperature_sensor Toolhead_Temp', 'extruder']
2026-08-13 17:54:30,453 [screen.py:init_tempstore()] - Temperature store size: 1200
2026-08-13 17:54:36,932 [screen.py:_load_panel()] - Loading panel: temperature
2026-08-13 17:54:36,956 [temperature.py:add_device()] - Adding device: extruder
2026-08-13 17:54:36,970 [temperature.py:add_device()] - Adding device: heater_bed
2026-08-13 17:54:36,979 [temperature.py:add_device()] - Adding device: temperature_sensor mcu_temp
2026-08-13 17:54:36,986 [temperature.py:add_device()] - Adding device: temperature_sensor Host_temp
2026-08-13 17:54:36,993 [temperature.py:add_device()] - Adding device: temperature_sensor Toolhead_Temp
2026-08-13 17:54:37,042 [screen.py:attach_panel()] - Current panel hierarchy: main_menu > temperature
2026-08-13 17:54:37,046 [temperature.py:select_heater()] - Selecting extruder
2026-08-13 17:54:37,047 [temperature.py:select_heater()] - Selecting heater_bed
2026-08-13 17:54:40,058 [temperature.py:verify_max_temp()] - 80/105
2026-08-13 17:54:40,058 [KlippyWebsocket.py:set_bed_temp()] - Sending set_bed_temp: M140 S80
2026-08-13 17:54:41,361 [screen.py:_menu_go_back()] - #### Menu go back
2026-08-13 17:54:41,394 [screen.py:attach_panel()] - Current panel hierarchy: main_menu
2026-08-13 17:54:42,979 [screen.py:_load_panel()] - Loading panel: gcodes
2026-08-13 17:54:43,022 [gcodes.py:__init__()] - Thumbsize: 196.3
2026-08-13 17:54:43,029 [gcodes.py:__init__()] - list
2026-08-13 17:54:43,040 [KlippyWebsocket.py:get_dir_info()] - Sending server.files.get_directory  gcodes
2026-08-13 17:54:43,057 [screen.py:attach_panel()] - Current panel hierarchy: main_menu > gcodes
2026-08-13 17:54:45,863 [gcodes.py:load_files()] - Loaded in 2.528 seconds
2026-08-13 17:54:49,329 [KlippyRest.py:_do_request()] - 500 Server Error>>Internal Server Error for url>>http://127.0.0.1:7125/server/history/job?uid=None
2026-08-13 17:54:49,446 [KlippyGtk.py:Dialog()] - Showing dialog Print Screw_PETG_0.3_20m52s.gcode (width=1366, height=768)
2026-08-13 17:54:50,252 [KlippyGtk.py:remove_dialog()] - Removing Dialog
2026-08-13 17:54:50,253 [gcodes.py:confirm_print_response()] - Starting print: Screw_PETG_0.3_20m52s.gcode
2026-08-13 17:54:50,253 [KlippyWebsocket.py:print_start()] - Sending printer.print.start
2026-08-13 17:54:50,562 [printer.py:change_state()] - Changing state from 'ready' to 'printing'
2026-08-13 17:54:50,563 [printer.py:change_state()] - Adding callback for state: printing
2026-08-13 17:54:50,644 [screen.py:set_dpms_timeout()] - DPMS on :0 set to: 3600
2026-08-13 17:54:50,645 [screen.py:set_screenblanking_timeout()] - Blanking timeout: 3600
2026-08-13 17:54:50,646 [screen.py:_remove_all_panels()] - Removing all panels
2026-08-13 17:54:50,824 [screen.py:_load_panel()] - Loading panel: job_status
2026-08-13 17:54:51,039 [screen.py:attach_panel()] - Current panel hierarchy: job_status
2026-08-13 17:54:51,053 [job_status.py:set_state()] - Changing job_status state from 'standby' to 'printing'
2026-08-13 17:54:51,075 [job_status.py:update_filename()] - Updating filename to Screw_PETG_0.3_20m52s.gcode
2026-08-13 17:54:51,076 [job_status.py:_update_file_metadata()] - Update Metadata. File: Screw_PETG_0.3_20m52s.gcode Size: 1764966
2026-08-13 18:17:44,016 [printer.py:change_state()] - Changing state from 'printing' to 'ready'
2026-08-13 18:17:44,016 [printer.py:change_state()] - Adding callback for state: ready
2026-08-13 18:17:44,032 [job_status.py:set_state()] - Changing job_status state from 'printing' to 'complete'
2026-08-13 18:17:44,136 [screen.py:set_dpms_timeout()] - DPMS on :0 set to: 3600
2026-08-13 18:17:44,137 [screen.py:set_screenblanking_timeout()] - Blanking timeout: 3600
2026-08-13 18:17:44,833 [functions.py:log_start()] - --------------------KlipperScreen Log Start--------------------
2026-08-13 18:17:44,833 [functions.py:log_start()] - KlipperScreen Version: v0.4.6-64-g7f8cb47
2026-08-13 18:17:44,834 [functions.py:log_start()] - Python version: 3.9
2026-08-13 18:17:45,332 [config.py:get_config_file_location()] - Passed config (-c): .
2026-08-13 18:17:45,333 [config.py:__init__()] - Config path location: /home/biqu/printer_data/config/KlipperScreen.conf
2026-08-13 18:17:45,409 [config.py:log_config()] - ===== Config File =====
[main]
show_cursor = True
=======================
2026-08-13 18:17:45,414 [config.py:__init__()] - 
====== Saved ======

[main]
font_size = small
show_cursor = True
print_sort_dir = date_desc
print_view = list

[graph Printer]
extruder = False


2026-08-13 18:17:45,416 [config.py:__init__()] - Configured printers: [
  {
    "Printer": {
      "moonraker_host": "127.0.0.1",
      "moonraker_port": "7125",
      "moonraker_path": "",
      "moonraker_ssl": null,
      "moonraker_api_key": ""
    }
  }
]
2026-08-13 18:17:45,607 [config.py:create_translations()] - Selected lang: system_lang OS lang: en_US
2026-08-13 18:17:45,608 [config.py:install_language()] - Using lang en
2026-08-13 18:17:45,659 [screen.py:__init__()] - Display for xset: :0
2026-08-13 18:17:45,663 [screen.py:__init__()] - Screen 0: 1366x768
2026-08-13 18:17:45,663 [screen.py:__init__()] - Monitors: 1 using number: 0
2026-08-13 18:17:45,665 [screen.py:__init__()] - Wayland: False Display name: :0
2026-08-13 18:17:45,670 [screen.py:__init__()] - Screen resolution: 1366x768
2026-08-13 18:17:45,932 [KlippyGtk.py:__init__()] - Font size: 25.9 (small)
2026-08-13 18:17:47,416 [base_panel.py:battery_percentage()] - Battery information not available.
2026-08-13 18:17:47,786 [screen.py:set_dpms_timeout()] - DPMS on :0 set to: 3600
2026-08-13 18:17:47,788 [screen.py:set_screenblanking_timeout()] - Blanking timeout: 3600
2026-08-13 18:17:47,789 [screen.py:initial_connection()] - Default printer: None
2026-08-13 18:17:47,893 [screen.py:connect_printer()] - Connecting to printer: Printer
2026-08-13 18:17:47,894 [screen.py:_remove_all_panels()] - Removing all panels
2026-08-13 18:17:47,983 [screen.py:_load_panel()] - Loading panel: splash_screen
2026-08-13 18:17:48,064 [screen.py:attach_panel()] - Current panel hierarchy: splash_screen
2026-08-13 18:17:48,112 [KlippyWebsocket.py:connect()] - Attempting to connect
2026-08-13 18:17:48,113 [KlippyWebsocket.py:connect()] - Starting websocket thread
2026-08-13 18:17:48,137 [_logging.py:info()] - Websocket connected
2026-08-13 18:17:48,138 [KlippyWebsocket.py:on_open()] - Moonraker Websocket Open
2026-08-13 18:17:48,197 [screen.py:websocket_connected()] - ### websocket_connected
2026-08-13 18:17:48,257 [KlippyWebsocket.py:identify_client()] - Sending server.connection.identify
2026-08-13 18:17:48,284 [printer.py:configure_cameras()] - Cameras: [{'name': 'MAIN-WEBCAM', 'enabled': True, 'icon': 'mdiWebcam', 'aspect_ratio': '4:3', 'target_fps': 15, 'target_fps_idle': 15, 'location': 'printer', 'service': 'mjpegstreamer-adaptive', 'stream_url': '/webcam/?action=stream', 'snapshot_url': '/webcam/?action=snapshot', 'flip_horizontal': False, 'flip_vertical': False, 'rotation': 0, 'source': 'database', 'extra_data': {}, 'uid': '6db9fdef-ebb0-4c42-8a1a-f022bbcfdb1a'}]
2026-08-13 18:17:48,305 [screen.py:init_klipper()] - Moonraker info {'klippy_connected': False, 'klippy_state': 'disconnected', 'components': ['secrets', 'template', 'klippy_connection', 'jsonrpc', 'internal_transport', 'application', 'websockets', 'database', 'dbus_manager', 'file_manager', 'authorization', 'klippy_apis', 'shell_command', 'machine', 'data_store', 'proc_stats', 'job_state', 'job_queue', 'history', 'http_client', 'announcements', 'webcam', 'extensions', 'update_manager', 'octoprint_compat', 'timelapse'], 'failed_components': [], 'registered_directories': ['config', 'logs', 'gcodes', 'timelapse', 'timelapse_frames'], 'warnings': [], 'websocket_count': 1, 'moonraker_version': 'v0.9.3-130-g5b92e52', 'missing_klippy_requirements': [], 'api_version': [1, 5, 0], 'api_version_string': '1.5.0'}
2026-08-13 18:17:51,402 [screen.py:init_klipper()] - Moonraker info {'klippy_connected': True, 'klippy_state': 'startup', 'components': ['secrets', 'template', 'klippy_connection', 'jsonrpc', 'internal_transport', 'application', 'websockets', 'database', 'dbus_manager', 'file_manager', 'authorization', 'klippy_apis', 'shell_command', 'machine', 'data_store', 'proc_stats', 'job_state', 'job_queue', 'history', 'http_client', 'announcements', 'webcam', 'extensions', 'update_manager', 'octoprint_compat', 'timelapse'], 'failed_components': [], 'registered_directories': ['config', 'logs', 'gcodes', 'timelapse', 'timelapse_frames'], 'warnings': [], 'websocket_count': 1, 'moonraker_version': 'v0.9.3-130-g5b92e52', 'missing_klippy_requirements': [], 'api_version': [1, 5, 0], 'api_version_string': '1.5.0'}
2026-08-13 18:17:51,439 [KlippyRest.py:_do_request()] - 404 Client Error>>Not Found for url>>http://127.0.0.1:7125/printer/info
2026-08-13 18:17:55,399 [screen.py:init_klipper()] - Moonraker info {'klippy_connected': True, 'klippy_state': 'startup', 'components': ['secrets', 'template', 'klippy_connection', 'jsonrpc', 'internal_transport', 'application', 'websockets', 'database', 'dbus_manager', 'file_manager', 'authorization', 'klippy_apis', 'shell_command', 'machine', 'data_store', 'proc_stats', 'job_state', 'job_queue', 'history', 'http_client', 'announcements', 'webcam', 'extensions', 'update_manager', 'octoprint_compat', 'timelapse'], 'failed_components': [], 'registered_directories': ['config', 'logs', 'gcodes', 'timelapse', 'timelapse_frames', 'config_examples', 'docs'], 'warnings': [], 'websocket_count': 1, 'moonraker_version': 'v0.9.3-130-g5b92e52', 'missing_klippy_requirements': [], 'api_version': [1, 5, 0], 'api_version_string': '1.5.0'}
2026-08-13 18:17:55,467 [printer.py:log_counts()] - Klipper version: v0.13.0-435-g8b58aa13-dirty
2026-08-13 18:17:55,467 [printer.py:log_counts()] - # Extruders: 1
2026-08-13 18:17:55,467 [printer.py:log_counts()] - # Temperature devices: 4
2026-08-13 18:17:55,468 [printer.py:log_counts()] - # Fans: 4
2026-08-13 18:17:55,468 [printer.py:log_counts()] - # Output pins: 1
2026-08-13 18:17:55,468 [printer.py:log_counts()] - # PWM tools: 0
2026-08-13 18:17:55,468 [printer.py:log_counts()] - # Leds: 2
2026-08-13 18:17:55,716 [KlippyWebsocket.py:object_subscription()] - Sending printer.objects.subscribe
2026-08-13 18:17:55,719 [files.py:set_gcodes_path()] - Gcodes path: /home/biqu/printer_data/gcodes
2026-08-13 18:17:55,720 [screen.py:init_klipper()] - Printer initialized
2026-08-13 18:17:55,722 [printer.py:change_state()] - Changing state from 'disconnected' to 'startup'
2026-08-13 18:17:55,722 [printer.py:change_state()] - Adding callback for state: startup
2026-08-13 18:17:55,778 [screen.py:set_dpms_timeout()] - DPMS on :0 set to: 3600
2026-08-13 18:17:55,778 [screen.py:set_screenblanking_timeout()] - Blanking timeout: 3600
2026-08-13 18:17:58,353 [printer.py:change_state()] - Changing state from 'startup' to 'ready'
2026-08-13 18:17:58,354 [printer.py:change_state()] - Adding callback for state: ready
2026-08-13 18:17:58,397 [screen.py:set_dpms_timeout()] - DPMS on :0 set to: 3600
2026-08-13 18:17:58,398 [screen.py:set_screenblanking_timeout()] - Blanking timeout: 3600
2026-08-13 18:17:58,398 [KlippyWebsocket.py:get_file_list()] - Sending server.files.list
2026-08-13 18:17:58,402 [screen.py:_remove_all_panels()] - Removing all panels
2026-08-13 18:17:58,501 [screen.py:_load_panel()] - Loading panel: main_menu
2026-08-13 18:17:58,721 [main_menu.py:__init__()] - ### Making MainMenu
2026-08-13 18:17:58,740 [main_menu.py:add_device()] - Adding device: extruder
2026-08-13 18:17:58,752 [main_menu.py:add_device()] - Adding device: heater_bed
2026-08-13 18:17:58,763 [main_menu.py:add_device()] - Adding device: temperature_sensor mcu_temp
2026-08-13 18:17:58,774 [main_menu.py:add_device()] - Adding device: temperature_sensor Host_temp
2026-08-13 18:17:58,781 [main_menu.py:add_device()] - Adding device: temperature_sensor Toolhead_Temp
2026-08-13 18:17:58,818 [menu.py:arrangeMenuItems()] - X > gcodes
2026-08-13 18:17:58,829 [screen.py:attach_panel()] - Current panel hierarchy: main_menu
2026-08-13 18:17:58,855 [screen.py:init_tempstore()] - Tempstore not ready: {} Retrying in 5 seconds
2026-08-13 18:17:59,026 [heatergraph.py:draw_graph()] - Tempstore not initialized!
2026-08-13 18:17:59,065 [screen.py:init_tempstore()] - Tempstore not ready: {} Retrying in 5 seconds
2026-08-13 18:18:04,491 [printer.py:init_temp_store()] - Temp store: ['heater_bed', 'temperature_sensor mcu_temp', 'temperature_sensor Host_temp', 'temperature_sensor Toolhead_Temp', 'extruder']
2026-08-13 18:18:04,540 [screen.py:init_tempstore()] - Temperature store size: 1200
2026-08-14 15:43:40,141 [base_panel.py:battery_percentage()] - Battery information not available.
2026-08-14 15:46:15,610 [screen.py:_load_panel()] - Loading panel: gcodes
2026-08-14 15:46:15,653 [gcodes.py:__init__()] - Thumbsize: 196.3
2026-08-14 15:46:15,660 [gcodes.py:__init__()] - list
2026-08-14 15:46:15,673 [KlippyWebsocket.py:get_dir_info()] - Sending server.files.get_directory  gcodes
2026-08-14 15:46:15,691 [screen.py:attach_panel()] - Current panel hierarchy: main_menu > gcodes
2026-08-14 15:46:18,592 [gcodes.py:load_files()] - Loaded in 2.615 seconds
2026-08-14 15:46:18,659 [screen.py:_menu_go_back()] - #### Menu go back
2026-08-14 15:46:18,733 [screen.py:attach_panel()] - Current panel hierarchy: main_menu
2026-08-14 15:46:22,587 [screen.py:_load_panel()] - Loading panel: temperature
2026-08-14 15:46:22,620 [temperature.py:add_device()] - Adding device: extruder
2026-08-14 15:46:22,634 [temperature.py:add_device()] - Adding device: heater_bed
2026-08-14 15:46:22,644 [temperature.py:add_device()] - Adding device: temperature_sensor mcu_temp
2026-08-14 15:46:22,655 [temperature.py:add_device()] - Adding device: temperature_sensor Host_temp
2026-08-14 15:46:22,668 [temperature.py:add_device()] - Adding device: temperature_sensor Toolhead_Temp
2026-08-14 15:46:22,732 [screen.py:attach_panel()] - Current panel hierarchy: main_menu > temperature
2026-08-14 15:46:22,738 [temperature.py:select_heater()] - Selecting extruder
2026-08-14 15:46:22,739 [temperature.py:select_heater()] - Selecting heater_bed
2026-08-14 15:46:28,065 [temperature.py:verify_max_temp()] - 80/105
2026-08-14 15:46:28,065 [KlippyWebsocket.py:set_bed_temp()] - Sending set_bed_temp: M140 S80
2026-08-14 15:47:00,584 [screen.py:_menu_go_back()] - #### Menu go back
2026-08-14 15:47:00,624 [screen.py:attach_panel()] - Current panel hierarchy: main_menu
2026-08-14 15:47:02,494 [screen.py:attach_panel()] - Current panel hierarchy: main_menu > gcodes
2026-08-14 15:47:08,461 [KlippyRest.py:_do_request()] - 500 Server Error>>Internal Server Error for url>>http://127.0.0.1:7125/server/history/job?uid=None
2026-08-14 15:47:08,589 [KlippyGtk.py:Dialog()] - Showing dialog Print Screw_PETG_0.2_47m31s.gcode (width=1366, height=768)
2026-08-14 15:47:10,875 [KlippyGtk.py:remove_dialog()] - Removing Dialog
2026-08-14 15:47:10,876 [gcodes.py:confirm_print_response()] - Starting print: Screw_PETG_0.2_47m31s.gcode
2026-08-14 15:47:10,876 [KlippyWebsocket.py:print_start()] - Sending printer.print.start
2026-08-14 15:47:11,172 [printer.py:change_state()] - Changing state from 'ready' to 'printing'
2026-08-14 15:47:11,173 [printer.py:change_state()] - Adding callback for state: printing
2026-08-14 15:47:11,238 [screen.py:set_dpms_timeout()] - DPMS on :0 set to: 3600
2026-08-14 15:47:11,239 [screen.py:set_screenblanking_timeout()] - Blanking timeout: 3600
2026-08-14 15:47:11,240 [screen.py:_remove_all_panels()] - Removing all panels
2026-08-14 15:47:11,419 [screen.py:_load_panel()] - Loading panel: job_status
2026-08-14 15:47:11,655 [screen.py:attach_panel()] - Current panel hierarchy: job_status
2026-08-14 15:47:11,675 [job_status.py:set_state()] - Changing job_status state from 'standby' to 'printing'
2026-08-14 15:47:11,711 [job_status.py:update_filename()] - Updating filename to Screw_PETG_0.2_47m31s.gcode
2026-08-14 15:47:11,713 [job_status.py:_update_file_metadata()] - Update Metadata. File: Screw_PETG_0.2_47m31s.gcode Size: 6652318
2026-08-14 15:50:27,473 [screen.py:_load_panel()] - Loading panel: fine_tune
2026-08-14 15:50:27,578 [screen.py:attach_panel()] - Current panel hierarchy: job_status > fine_tune
2026-08-14 15:50:33,565 [screen.py:_send_action()] - printer.gcode.script: {'script': 'SET_GCODE_OFFSET Z_ADJUST=+0.05 MOVE=1'}
2026-08-14 15:51:15,939 [screen.py:_send_action()] - printer.gcode.script: {'script': 'SET_GCODE_OFFSET Z_ADJUST=+0.05 MOVE=1'}
2026-08-14 16:38:56,638 [printer.py:change_state()] - Changing state from 'printing' to 'ready'
2026-08-14 16:38:56,639 [printer.py:change_state()] - Adding callback for state: ready
2026-08-14 16:38:56,694 [screen.py:set_dpms_timeout()] - DPMS on :0 set to: 3600
2026-08-14 16:38:56,694 [screen.py:set_screenblanking_timeout()] - Blanking timeout: 3600
2026-08-14 16:17:38,518 [functions.py:log_start()] - --------------------KlipperScreen Log Start--------------------
2026-08-14 16:17:38,519 [functions.py:log_start()] - KlipperScreen Version: v0.4.6-64-g7f8cb47
2026-08-14 16:17:38,520 [functions.py:log_start()] - Python version: 3.9
2026-08-14 16:17:38,756 [config.py:get_config_file_location()] - Passed config (-c): .
2026-08-14 16:17:38,757 [config.py:__init__()] - Config path location: /home/biqu/printer_data/config/KlipperScreen.conf
2026-08-14 16:17:38,815 [config.py:log_config()] - ===== Config File =====
[main]
show_cursor = True
=======================
2026-08-14 16:17:38,820 [config.py:__init__()] - 
====== Saved ======

[main]
font_size = small
show_cursor = True
print_sort_dir = date_desc
print_view = list

[graph Printer]
extruder = False


2026-08-14 16:17:38,822 [config.py:__init__()] - Configured printers: [
  {
    "Printer": {
      "moonraker_host": "127.0.0.1",
      "moonraker_port": "7125",
      "moonraker_path": "",
      "moonraker_ssl": null,
      "moonraker_api_key": ""
    }
  }
]
2026-08-14 16:17:39,013 [config.py:create_translations()] - Selected lang: system_lang OS lang: en_US
2026-08-14 16:17:39,014 [config.py:install_language()] - Using lang en
2026-08-14 16:17:39,063 [screen.py:__init__()] - Display for xset: :0
2026-08-14 16:17:39,067 [screen.py:__init__()] - Screen 0: 1366x768
2026-08-14 16:17:39,067 [screen.py:__init__()] - Monitors: 1 using number: 0
2026-08-14 16:17:39,069 [screen.py:__init__()] - Wayland: False Display name: :0
2026-08-14 16:17:39,073 [screen.py:__init__()] - Screen resolution: 1366x768
2026-08-14 16:17:39,375 [KlippyGtk.py:__init__()] - Font size: 25.9 (small)
2026-08-14 16:17:39,877 [base_panel.py:battery_percentage()] - Battery information not available.
2026-08-14 16:17:40,212 [screen.py:set_dpms_timeout()] - DPMS on :0 set to: 3600
2026-08-14 16:17:40,214 [screen.py:set_screenblanking_timeout()] - Blanking timeout: 3600
2026-08-14 16:17:40,216 [screen.py:initial_connection()] - Default printer: None
2026-08-14 16:17:40,322 [screen.py:connect_printer()] - Connecting to printer: Printer
2026-08-14 16:17:40,323 [screen.py:_remove_all_panels()] - Removing all panels
2026-08-14 16:17:40,413 [screen.py:_load_panel()] - Loading panel: splash_screen
2026-08-14 16:17:40,492 [screen.py:attach_panel()] - Current panel hierarchy: splash_screen
2026-08-14 16:17:40,543 [KlippyWebsocket.py:connect()] - Attempting to connect
2026-08-14 16:17:40,544 [KlippyWebsocket.py:connect()] - Starting websocket thread
2026-08-14 16:17:40,566 [_logging.py:info()] - Websocket connected
2026-08-14 16:17:40,567 [KlippyWebsocket.py:on_open()] - Moonraker Websocket Open
2026-08-14 16:17:40,622 [screen.py:websocket_connected()] - ### websocket_connected
2026-08-14 16:17:40,681 [KlippyWebsocket.py:identify_client()] - Sending server.connection.identify
2026-08-14 16:17:40,708 [printer.py:configure_cameras()] - Cameras: [{'name': 'MAIN-WEBCAM', 'enabled': True, 'icon': 'mdiWebcam', 'aspect_ratio': '4:3', 'target_fps': 15, 'target_fps_idle': 15, 'location': 'printer', 'service': 'mjpegstreamer-adaptive', 'stream_url': '/webcam/?action=stream', 'snapshot_url': '/webcam/?action=snapshot', 'flip_horizontal': False, 'flip_vertical': False, 'rotation': 0, 'source': 'database', 'extra_data': {}, 'uid': '6db9fdef-ebb0-4c42-8a1a-f022bbcfdb1a'}]
2026-08-14 16:17:40,728 [screen.py:init_klipper()] - Moonraker info {'klippy_connected': True, 'klippy_state': 'ready', 'components': ['secrets', 'template', 'klippy_connection', 'jsonrpc', 'internal_transport', 'application', 'websockets', 'database', 'dbus_manager', 'file_manager', 'authorization', 'klippy_apis', 'shell_command', 'machine', 'data_store', 'proc_stats', 'job_state', 'job_queue', 'history', 'http_client', 'announcements', 'webcam', 'extensions', 'timelapse', 'update_manager', 'octoprint_compat'], 'failed_components': [], 'registered_directories': ['config', 'logs', 'gcodes', 'timelapse', 'timelapse_frames', 'config_examples', 'docs'], 'warnings': [], 'websocket_count': 1, 'moonraker_version': 'v0.9.3-130-g5b92e52', 'missing_klippy_requirements': [], 'api_version': [1, 5, 0], 'api_version_string': '1.5.0'}
2026-08-14 16:17:41,043 [printer.py:log_counts()] - Klipper version: v0.13.0-435-g8b58aa13-dirty
2026-08-14 16:17:41,044 [printer.py:log_counts()] - # Extruders: 1
2026-08-14 16:17:41,044 [printer.py:log_counts()] - # Temperature devices: 4
2026-08-14 16:17:41,045 [printer.py:log_counts()] - # Fans: 4
2026-08-14 16:17:41,045 [printer.py:log_counts()] - # Output pins: 1
2026-08-14 16:17:41,045 [printer.py:log_counts()] - # PWM tools: 0
2026-08-14 16:17:41,046 [printer.py:log_counts()] - # Leds: 2
2026-08-14 16:17:41,306 [KlippyWebsocket.py:object_subscription()] - Sending printer.objects.subscribe
2026-08-14 16:17:41,308 [files.py:set_gcodes_path()] - Gcodes path: /home/biqu/printer_data/gcodes
2026-08-14 16:17:41,309 [screen.py:init_klipper()] - Printer initialized
2026-08-14 16:17:41,311 [printer.py:change_state()] - Changing state from 'disconnected' to 'ready'
2026-08-14 16:17:41,311 [printer.py:change_state()] - Adding callback for state: ready
2026-08-14 16:17:41,357 [screen.py:set_dpms_timeout()] - DPMS on :0 set to: 3600
2026-08-14 16:17:41,358 [screen.py:set_screenblanking_timeout()] - Blanking timeout: 3600
2026-08-14 16:17:41,359 [KlippyWebsocket.py:get_file_list()] - Sending server.files.list
2026-08-14 16:17:41,364 [screen.py:_remove_all_panels()] - Removing all panels
2026-08-14 16:17:41,472 [screen.py:_load_panel()] - Loading panel: main_menu
2026-08-14 16:17:41,713 [main_menu.py:__init__()] - ### Making MainMenu
2026-08-14 16:17:41,730 [main_menu.py:add_device()] - Adding device: extruder
2026-08-14 16:17:41,743 [main_menu.py:add_device()] - Adding device: heater_bed
2026-08-14 16:17:41,755 [main_menu.py:add_device()] - Adding device: temperature_sensor mcu_temp
2026-08-14 16:17:41,768 [main_menu.py:add_device()] - Adding device: temperature_sensor Host_temp
2026-08-14 16:17:41,848 [main_menu.py:add_device()] - Adding device: temperature_sensor Toolhead_Temp
2026-08-14 16:17:42,032 [menu.py:arrangeMenuItems()] - X > gcodes
2026-08-14 16:17:42,047 [screen.py:attach_panel()] - Current panel hierarchy: main_menu
2026-08-14 16:17:42,095 [printer.py:init_temp_store()] - Temp store: ['heater_bed', 'temperature_sensor mcu_temp', 'temperature_sensor Host_temp', 'temperature_sensor Toolhead_Temp', 'extruder']
2026-08-14 16:17:42,121 [screen.py:init_tempstore()] - Temperature store size: 1200
2026-08-18 16:39:11,290 [base_panel.py:battery_percentage()] - Battery information not available.
2026-08-18 16:46:51,720 [screen.py:_load_panel()] - Loading panel: move
2026-08-18 16:46:51,852 [screen.py:attach_panel()] - Current panel hierarchy: main_menu > move
2026-08-18 16:46:53,350 [screen.py:_menu_go_back()] - #### Menu go back
2026-08-18 16:46:53,406 [screen.py:attach_panel()] - Current panel hierarchy: main_menu
2026-08-18 16:46:54,127 [screen.py:_load_panel()] - Loading panel: extrude
2026-08-18 16:46:54,212 [screen.py:attach_panel()] - Current panel hierarchy: main_menu > extrude
2026-08-18 16:46:56,653 [screen.py:_menu_go_back()] - #### Menu go back
2026-08-18 16:46:56,680 [screen.py:attach_panel()] - Current panel hierarchy: main_menu
2026-08-18 16:47:01,079 [main_menu.py:verify_max_temp()] - 50/105
2026-08-18 16:47:01,079 [KlippyWebsocket.py:set_bed_temp()] - Sending set_bed_temp: M140 S50
2026-08-18 16:47:03,679 [screen.py:attach_panel()] - Current panel hierarchy: main_menu > extrude
2026-08-18 16:47:06,590 [screen.py:_send_action()] - printer.gcode.script: {'script': 'UNLOAD_FILAMENT SPEED=120'}
2026-08-18 16:51:00,286 [screen.py:_send_action()] - printer.gcode.script: {'script': 'LOAD_FILAMENT SPEED=120'}
2026-08-18 16:52:03,197 [screen.py:_send_action()] - printer.gcode.script: {'script': 'LOAD_FILAMENT SPEED=120'}
2026-08-18 16:52:55,656 [screen.py:_menu_go_back()] - #### Menu go back
2026-08-18 16:52:55,712 [screen.py:attach_panel()] - Current panel hierarchy: main_menu
2026-08-18 16:53:03,317 [screen.py:attach_panel()] - Current panel hierarchy: main_menu > move
2026-08-18 16:53:04,945 [screen.py:_load_panel()] - Loading panel: menu
2026-08-18 16:53:05,102 [screen.py:attach_panel()] - Current panel hierarchy: main_menu > move > menu
2026-08-18 16:53:05,132 [menu.py:arrangeMenuItems()] - X > homing Z-Tilt
2026-08-18 16:53:06,390 [screen.py:_send_action()] - printer.gcode.script: {'script': 'QUAD_GANTRY_LEVEL'}
2026-08-18 16:53:11,965 [screen.py:_menu_go_back()] - #### Menu go back
2026-08-18 16:53:11,991 [screen.py:attach_panel()] - Current panel hierarchy: main_menu > move
2026-08-18 16:53:12,597 [screen.py:_menu_go_back()] - #### Menu go back
2026-08-18 16:53:12,623 [screen.py:attach_panel()] - Current panel hierarchy: main_menu
2026-08-18 16:53:14,365 [screen.py:_go_to_submenu()] - #### Go to submenu more
2026-08-18 16:53:14,365 [screen.py:_go_to_submenu()] - #### Menu __main
2026-08-18 16:53:14,374 [screen.py:_load_panel()] - Loading panel: menu
2026-08-18 16:53:14,460 [menu.py:evaluate_enable()] - moonraker connected True
2026-08-18 16:53:14,760 [screen.py:attach_panel()] - Current panel hierarchy: main_menu > more
2026-08-18 16:53:14,775 [menu.py:arrangeMenuItems()] - X > more bedlevel
2026-08-18 16:53:14,818 [menu.py:arrangeMenuItems()] - X > more power
2026-08-18 16:53:14,851 [menu.py:arrangeMenuItems()] - X > more spoolman
2026-08-18 16:53:14,851 [menu.py:evaluate_enable()] - moonraker connected True
2026-08-18 16:53:14,880 [screen.py:_go_to_submenu()] - menu, {{ gettext('More') }}, panel_name=more, items=[{'more bedlevel': {'name': "{{ gettext('Bed Level') }}", 'icon': 'bed-level', 'panel': 'bed_level', 'method': None, 'confirm': None, 'enable': "{{ 'bed_screws' in printer.config_sections or 'screws_tilt_adjust' in printer.config_sections }}", 'params': '{}', 'style': None}}, {'more bedmesh': {'name': "{{ gettext('Bed Mesh') }}", 'icon': 'bed-mesh', 'panel': 'bed_mesh', 'method': None, 'confirm': None, 'enable': "{{ 'bed_mesh' in printer.config_sections }}", 'params': '{}', 'style': None}}, {'more zoffset': {'name': "{{ gettext('Z Calibrate') }}", 'icon': 'z-farther', 'panel': 'zcalibrate', 'method': None, 'confirm': None, 'enable': 'True', 'params': '{}', 'style': None}}, {'more limits': {'name': "{{ gettext('Limits') }}", 'icon': 'fine-tune', 'panel': 'limits', 'method': None, 'confirm': None, 'enable': 'True', 'params': '{}', 'style': None}}, {'more fan': {'name': "{{ gettext('Fan') }}", 'icon': 'fan', 'panel': 'fan', 'method': None, 'confirm': None, 'enable': '{{ printer.fans.count > 0 }}', 'params': '{}', 'style': None}}, {'more led': {'name': "{{ gettext('Leds') }}", 'icon': 'light', 'panel': 'led', 'method': None, 'confirm': None, 'enable': '{{ printer.leds.count > 0 }}', 'params': '{}', 'style': None}}, {'more macros': {'name': "{{ gettext('Macros') }}", 'icon': 'custom-script', 'panel': 'gcode_macros', 'method': None, 'confirm': None, 'enable': '{{ printer.gcode_macros.count > 0 }}', 'params': '{}', 'style': None}}, {'more pins': {'name': "{{ gettext('Pins') }}", 'icon': 'hashtag', 'panel': 'pins', 'method': None, 'confirm': None, 'enable': '{{ printer.output_pins.count > 0 or printer.pwm_tools.count > 0 }}', 'params': '{}', 'style': None}}, {'more power': {'name': "{{ gettext('Power') }}", 'icon': 'shutdown', 'panel': 'power', 'method': None, 'confirm': None, 'enable': '{{ moonraker.power_devices.count > 0 }}', 'params': '{}', 'style': None}}, {'more camera': {'name': "{{ gettext('Camera') }}", 'icon': 'camera', 'panel': 'camera', 'method': None, 'confirm': None, 'enable': '{{ moonraker.cameras.count > 0 }}', 'params': '{}', 'style': None}}, {'more console': {'name': "{{ gettext('Console') }}", 'icon': 'console', 'panel': 'console', 'method': None, 'confirm': None, 'enable': 'True', 'params': '{}', 'style': None}}, {'more updater': {'name': "{{ gettext('Update') }}", 'icon': 'refresh', 'panel': 'updater', 'method': None, 'confirm': None, 'enable': 'True', 'params': '{}', 'style': None}}, {'more input_shaper': {'name': "{{ gettext('Input Shaper') }}", 'icon': 'move', 'panel': 'input_shaper', 'method': None, 'confirm': None, 'enable': "{{ 'input_shaper' in printer.config_sections }}", 'params': '{}', 'style': None}}, {'more save': {'name': "{{ gettext('Save Config') }}", 'icon': 'complete', 'panel': None, 'method': 'ks_confirm_save', 'confirm': None, 'enable': 'True', 'params': '{}', 'style': None}}, {'more settings': {'name': 'KlipperScreen', 'icon': 'settings', 'panel': 'settings', 'method': None, 'confirm': None, 'enable': 'True', 'params': '{}', 'style': None}}, {'more network': {'name': "{{ gettext('Network') }}", 'icon': 'network', 'panel': 'network', 'method': None, 'confirm': None, 'enable': 'True', 'params': '{}', 'style': None}}, {'more notifications': {'name': "{{ gettext('Notifications') }}", 'icon': 'notifications', 'panel': 'notifications', 'method': None, 'confirm': None, 'enable': 'True', 'params': '{}', 'style': None}}, {'more spoolman': {'name': 'Spoolman', 'icon': 'spoolman', 'panel': 'spoolman', 'method': None, 'confirm': None, 'enable': '{{ moonraker.spoolman }}', 'params': '{}', 'style': None}}, {'more system': {'name': "{{ gettext('System') }}", 'icon': 'info', 'panel': 'system', 'method': None, 'confirm': None, 'enable': '{{ moonraker_connected }}', 'params': '{}', 'style': None}}, {'more fine_tune': {'name': "{{ gettext('Fine Tuning') }}", 'icon': 'fine-tune', 'panel': 'fine_tune', 'method': None, 'confirm': None, 'enable': 'True', 'params': '{}', 'style': None}}]
2026-08-18 16:53:16,290 [screen.py:_load_panel()] - Loading panel: console
2026-08-18 16:53:16,388 [screen.py:attach_panel()] - Current panel hierarchy: main_menu > more > console
2026-08-18 16:53:29,753 [screen.py:_menu_go_back()] - #### Menu go back
2026-08-18 16:53:29,788 [screen.py:attach_panel()] - Current panel hierarchy: main_menu > more
2026-08-18 16:53:29,806 [menu.py:arrangeMenuItems()] - X > more bedlevel
2026-08-18 16:53:29,845 [menu.py:arrangeMenuItems()] - X > more power
2026-08-18 16:53:29,876 [menu.py:arrangeMenuItems()] - X > more spoolman
2026-08-18 16:53:29,876 [menu.py:evaluate_enable()] - moonraker connected True
2026-08-18 16:53:30,814 [screen.py:_menu_go_back()] - #### Menu go back
2026-08-18 16:53:30,864 [screen.py:attach_panel()] - Current panel hierarchy: main_menu
2026-08-18 16:53:35,997 [screen.py:_go_to_submenu()] - #### Go to submenu more
2026-08-18 16:53:35,998 [screen.py:_go_to_submenu()] - #### Menu __main
2026-08-18 16:53:36,039 [screen.py:attach_panel()] - Current panel hierarchy: main_menu > more
2026-08-18 16:53:36,054 [menu.py:arrangeMenuItems()] - X > more bedlevel
2026-08-18 16:53:36,093 [menu.py:arrangeMenuItems()] - X > more power
2026-08-18 16:53:36,123 [menu.py:arrangeMenuItems()] - X > more spoolman
2026-08-18 16:53:36,124 [menu.py:evaluate_enable()] - moonraker connected True
2026-08-18 16:53:36,147 [screen.py:_go_to_submenu()] - menu, {{ gettext('More') }}, panel_name=more, items=[{'more bedlevel': {'name': "{{ gettext('Bed Level') }}", 'icon': 'bed-level', 'panel': 'bed_level', 'method': None, 'confirm': None, 'enable': "{{ 'bed_screws' in printer.config_sections or 'screws_tilt_adjust' in printer.config_sections }}", 'params': '{}', 'style': None}}, {'more bedmesh': {'name': "{{ gettext('Bed Mesh') }}", 'icon': 'bed-mesh', 'panel': 'bed_mesh', 'method': None, 'confirm': None, 'enable': "{{ 'bed_mesh' in printer.config_sections }}", 'params': '{}', 'style': None}}, {'more zoffset': {'name': "{{ gettext('Z Calibrate') }}", 'icon': 'z-farther', 'panel': 'zcalibrate', 'method': None, 'confirm': None, 'enable': 'True', 'params': '{}', 'style': None}}, {'more limits': {'name': "{{ gettext('Limits') }}", 'icon': 'fine-tune', 'panel': 'limits', 'method': None, 'confirm': None, 'enable': 'True', 'params': '{}', 'style': None}}, {'more fan': {'name': "{{ gettext('Fan') }}", 'icon': 'fan', 'panel': 'fan', 'method': None, 'confirm': None, 'enable': '{{ printer.fans.count > 0 }}', 'params': '{}', 'style': None}}, {'more led': {'name': "{{ gettext('Leds') }}", 'icon': 'light', 'panel': 'led', 'method': None, 'confirm': None, 'enable': '{{ printer.leds.count > 0 }}', 'params': '{}', 'style': None}}, {'more macros': {'name': "{{ gettext('Macros') }}", 'icon': 'custom-script', 'panel': 'gcode_macros', 'method': None, 'confirm': None, 'enable': '{{ printer.gcode_macros.count > 0 }}', 'params': '{}', 'style': None}}, {'more pins': {'name': "{{ gettext('Pins') }}", 'icon': 'hashtag', 'panel': 'pins', 'method': None, 'confirm': None, 'enable': '{{ printer.output_pins.count > 0 or printer.pwm_tools.count > 0 }}', 'params': '{}', 'style': None}}, {'more power': {'name': "{{ gettext('Power') }}", 'icon': 'shutdown', 'panel': 'power', 'method': None, 'confirm': None, 'enable': '{{ moonraker.power_devices.count > 0 }}', 'params': '{}', 'style': None}}, {'more camera': {'name': "{{ gettext('Camera') }}", 'icon': 'camera', 'panel': 'camera', 'method': None, 'confirm': None, 'enable': '{{ moonraker.cameras.count > 0 }}', 'params': '{}', 'style': None}}, {'more console': {'name': "{{ gettext('Console') }}", 'icon': 'console', 'panel': 'console', 'method': None, 'confirm': None, 'enable': 'True', 'params': '{}', 'style': None}}, {'more updater': {'name': "{{ gettext('Update') }}", 'icon': 'refresh', 'panel': 'updater', 'method': None, 'confirm': None, 'enable': 'True', 'params': '{}', 'style': None}}, {'more input_shaper': {'name': "{{ gettext('Input Shaper') }}", 'icon': 'move', 'panel': 'input_shaper', 'method': None, 'confirm': None, 'enable': "{{ 'input_shaper' in printer.config_sections }}", 'params': '{}', 'style': None}}, {'more save': {'name': "{{ gettext('Save Config') }}", 'icon': 'complete', 'panel': None, 'method': 'ks_confirm_save', 'confirm': None, 'enable': 'True', 'params': '{}', 'style': None}}, {'more settings': {'name': 'KlipperScreen', 'icon': 'settings', 'panel': 'settings', 'method': None, 'confirm': None, 'enable': 'True', 'params': '{}', 'style': None}}, {'more network': {'name': "{{ gettext('Network') }}", 'icon': 'network', 'panel': 'network', 'method': None, 'confirm': None, 'enable': 'True', 'params': '{}', 'style': None}}, {'more notifications': {'name': "{{ gettext('Notifications') }}", 'icon': 'notifications', 'panel': 'notifications', 'method': None, 'confirm': None, 'enable': 'True', 'params': '{}', 'style': None}}, {'more spoolman': {'name': 'Spoolman', 'icon': 'spoolman', 'panel': 'spoolman', 'method': None, 'confirm': None, 'enable': '{{ moonraker.spoolman }}', 'params': '{}', 'style': None}}, {'more system': {'name': "{{ gettext('System') }}", 'icon': 'info', 'panel': 'system', 'method': None, 'confirm': None, 'enable': '{{ moonraker_connected }}', 'params': '{}', 'style': None}}, {'more fine_tune': {'name': "{{ gettext('Fine Tuning') }}", 'icon': 'fine-tune', 'panel': 'fine_tune', 'method': None, 'confirm': None, 'enable': 'True', 'params': '{}', 'style': None}}]
2026-08-18 16:53:38,613 [screen.py:_menu_go_back()] - #### Menu go back
2026-08-18 16:53:38,641 [screen.py:attach_panel()] - Current panel hierarchy: main_menu
2026-08-18 16:53:42,334 [main_menu.py:verify_max_temp()] - 50/105
2026-08-18 16:53:42,335 [KlippyWebsocket.py:set_bed_temp()] - Sending set_bed_temp: M140 S50
2026-08-18 16:54:33,543 [screen.py:_go_to_submenu()] - #### Go to submenu more
2026-08-18 16:54:33,543 [screen.py:_go_to_submenu()] - #### Menu __main
2026-08-18 16:54:33,617 [screen.py:attach_panel()] - Current panel hierarchy: main_menu > more
2026-08-18 16:54:33,657 [menu.py:arrangeMenuItems()] - X > more bedlevel
2026-08-18 16:54:33,728 [menu.py:arrangeMenuItems()] - X > more power
2026-08-18 16:54:33,764 [menu.py:arrangeMenuItems()] - X > more spoolman
2026-08-18 16:54:33,765 [menu.py:evaluate_enable()] - moonraker connected True
2026-08-18 16:54:33,798 [screen.py:_go_to_submenu()] - menu, {{ gettext('More') }}, panel_name=more, items=[{'more bedlevel': {'name': "{{ gettext('Bed Level') }}", 'icon': 'bed-level', 'panel': 'bed_level', 'method': None, 'confirm': None, 'enable': "{{ 'bed_screws' in printer.config_sections or 'screws_tilt_adjust' in printer.config_sections }}", 'params': '{}', 'style': None}}, {'more bedmesh': {'name': "{{ gettext('Bed Mesh') }}", 'icon': 'bed-mesh', 'panel': 'bed_mesh', 'method': None, 'confirm': None, 'enable': "{{ 'bed_mesh' in printer.config_sections }}", 'params': '{}', 'style': None}}, {'more zoffset': {'name': "{{ gettext('Z Calibrate') }}", 'icon': 'z-farther', 'panel': 'zcalibrate', 'method': None, 'confirm': None, 'enable': 'True', 'params': '{}', 'style': None}}, {'more limits': {'name': "{{ gettext('Limits') }}", 'icon': 'fine-tune', 'panel': 'limits', 'method': None, 'confirm': None, 'enable': 'True', 'params': '{}', 'style': None}}, {'more fan': {'name': "{{ gettext('Fan') }}", 'icon': 'fan', 'panel': 'fan', 'method': None, 'confirm': None, 'enable': '{{ printer.fans.count > 0 }}', 'params': '{}', 'style': None}}, {'more led': {'name': "{{ gettext('Leds') }}", 'icon': 'light', 'panel': 'led', 'method': None, 'confirm': None, 'enable': '{{ printer.leds.count > 0 }}', 'params': '{}', 'style': None}}, {'more macros': {'name': "{{ gettext('Macros') }}", 'icon': 'custom-script', 'panel': 'gcode_macros', 'method': None, 'confirm': None, 'enable': '{{ printer.gcode_macros.count > 0 }}', 'params': '{}', 'style': None}}, {'more pins': {'name': "{{ gettext('Pins') }}", 'icon': 'hashtag', 'panel': 'pins', 'method': None, 'confirm': None, 'enable': '{{ printer.output_pins.count > 0 or printer.pwm_tools.count > 0 }}', 'params': '{}', 'style': None}}, {'more power': {'name': "{{ gettext('Power') }}", 'icon': 'shutdown', 'panel': 'power', 'method': None, 'confirm': None, 'enable': '{{ moonraker.power_devices.count > 0 }}', 'params': '{}', 'style': None}}, {'more camera': {'name': "{{ gettext('Camera') }}", 'icon': 'camera', 'panel': 'camera', 'method': None, 'confirm': None, 'enable': '{{ moonraker.cameras.count > 0 }}', 'params': '{}', 'style': None}}, {'more console': {'name': "{{ gettext('Console') }}", 'icon': 'console', 'panel': 'console', 'method': None, 'confirm': None, 'enable': 'True', 'params': '{}', 'style': None}}, {'more updater': {'name': "{{ gettext('Update') }}", 'icon': 'refresh', 'panel': 'updater', 'method': None, 'confirm': None, 'enable': 'True', 'params': '{}', 'style': None}}, {'more input_shaper': {'name': "{{ gettext('Input Shaper') }}", 'icon': 'move', 'panel': 'input_shaper', 'method': None, 'confirm': None, 'enable': "{{ 'input_shaper' in printer.config_sections }}", 'params': '{}', 'style': None}}, {'more save': {'name': "{{ gettext('Save Config') }}", 'icon': 'complete', 'panel': None, 'method': 'ks_confirm_save', 'confirm': None, 'enable': 'True', 'params': '{}', 'style': None}}, {'more settings': {'name': 'KlipperScreen', 'icon': 'settings', 'panel': 'settings', 'method': None, 'confirm': None, 'enable': 'True', 'params': '{}', 'style': None}}, {'more network': {'name': "{{ gettext('Network') }}", 'icon': 'network', 'panel': 'network', 'method': None, 'confirm': None, 'enable': 'True', 'params': '{}', 'style': None}}, {'more notifications': {'name': "{{ gettext('Notifications') }}", 'icon': 'notifications', 'panel': 'notifications', 'method': None, 'confirm': None, 'enable': 'True', 'params': '{}', 'style': None}}, {'more spoolman': {'name': 'Spoolman', 'icon': 'spoolman', 'panel': 'spoolman', 'method': None, 'confirm': None, 'enable': '{{ moonraker.spoolman }}', 'params': '{}', 'style': None}}, {'more system': {'name': "{{ gettext('System') }}", 'icon': 'info', 'panel': 'system', 'method': None, 'confirm': None, 'enable': '{{ moonraker_connected }}', 'params': '{}', 'style': None}}, {'more fine_tune': {'name': "{{ gettext('Fine Tuning') }}", 'icon': 'fine-tune', 'panel': 'fine_tune', 'method': None, 'confirm': None, 'enable': 'True', 'params': '{}', 'style': None}}]
2026-08-18 16:54:36,576 [screen.py:_load_panel()] - Loading panel: gcode_macros
2026-08-18 16:54:36,624 [screen.py:attach_panel()] - Current panel hierarchy: main_menu > more > gcode_macros
2026-08-18 16:54:42,310 [screen.py:_menu_go_back()] - #### Menu go back
2026-08-18 16:54:42,357 [screen.py:attach_panel()] - Current panel hierarchy: main_menu > more
2026-08-18 16:54:42,374 [menu.py:arrangeMenuItems()] - X > more bedlevel
2026-08-18 16:54:42,413 [menu.py:arrangeMenuItems()] - X > more power
2026-08-18 16:54:42,447 [menu.py:arrangeMenuItems()] - X > more spoolman
2026-08-18 16:54:42,448 [menu.py:evaluate_enable()] - moonraker connected True
2026-08-18 16:54:43,127 [screen.py:_menu_go_back()] - #### Menu go back
2026-08-18 16:54:43,178 [screen.py:attach_panel()] - Current panel hierarchy: main_menu
2026-08-18 17:01:05,940 [screen.py:_load_panel()] - Loading panel: gcodes
2026-08-18 17:01:05,977 [gcodes.py:__init__()] - Thumbsize: 196.3
2026-08-18 17:01:05,981 [gcodes.py:__init__()] - list
2026-08-18 17:01:05,992 [KlippyWebsocket.py:get_dir_info()] - Sending server.files.get_directory  gcodes
2026-08-18 17:01:06,011 [screen.py:attach_panel()] - Current panel hierarchy: main_menu > gcodes
2026-08-18 17:01:09,208 [gcodes.py:load_files()] - Loaded in 2.907 seconds
2026-08-18 17:01:11,927 [KlippyRest.py:_do_request()] - 500 Server Error>>Internal Server Error for url>>http://127.0.0.1:7125/server/history/job?uid=None
2026-08-18 17:01:12,002 [KlippyGtk.py:Dialog()] - Showing dialog Print Doctor Pen Holder_PLA_0.3_2h49m.gcode (width=1366, height=768)
2026-08-18 17:01:13,222 [KlippyGtk.py:remove_dialog()] - Removing Dialog
2026-08-18 17:01:13,222 [gcodes.py:confirm_print_response()] - Starting print: Doctor Pen Holder_PLA_0.3_2h49m.gcode
2026-08-18 17:01:13,223 [KlippyWebsocket.py:print_start()] - Sending printer.print.start
2026-08-18 17:01:13,285 [printer.py:change_state()] - Changing state from 'ready' to 'printing'
2026-08-18 17:01:13,286 [printer.py:change_state()] - Adding callback for state: printing
2026-08-18 17:01:13,354 [screen.py:set_dpms_timeout()] - DPMS on :0 set to: 3600
2026-08-18 17:01:13,355 [screen.py:set_screenblanking_timeout()] - Blanking timeout: 3600
2026-08-18 17:01:13,355 [screen.py:_remove_all_panels()] - Removing all panels
2026-08-18 17:01:13,527 [screen.py:_load_panel()] - Loading panel: job_status
2026-08-18 17:01:13,801 [screen.py:attach_panel()] - Current panel hierarchy: job_status
2026-08-18 17:01:13,822 [job_status.py:set_state()] - Changing job_status state from 'standby' to 'printing'
2026-08-18 17:01:13,847 [job_status.py:update_filename()] - Updating filename to Doctor Pen Holder_PLA_0.3_2h49m.gcode
2026-08-18 17:01:13,848 [job_status.py:_update_file_metadata()] - Update Metadata. File: Doctor Pen Holder_PLA_0.3_2h49m.gcode Size: 23152590
2026-08-18 17:12:47,777 [screen.py:show_popup_message()] - error: // Unknown command:"T0"
2026-08-18 17:12:54,080 [KlippyGtk.py:Dialog()] - Showing dialog Cancel (width=1366, height=768)
2026-08-18 17:12:54,876 [KlippyGtk.py:remove_dialog()] - Removing Dialog
2026-08-18 17:12:54,877 [job_status.py:cancel_confirm()] - Canceling print
2026-08-18 17:12:54,882 [job_status.py:set_state()] - Changing job_status state from 'printing' to 'cancelling'
2026-08-18 17:12:54,888 [KlippyWebsocket.py:print_cancel()] - Sending printer.print.cancel
2026-08-18 17:12:55,211 [printer.py:change_state()] - Changing state from 'printing' to 'ready'
2026-08-18 17:12:55,212 [printer.py:change_state()] - Adding callback for state: ready
2026-08-18 17:12:55,236 [job_status.py:set_state()] - Changing job_status state from 'cancelling' to 'cancelled'
2026-08-18 17:12:55,379 [screen.py:set_dpms_timeout()] - DPMS on :0 set to: 3600
2026-08-18 17:12:55,380 [screen.py:set_screenblanking_timeout()] - Blanking timeout: 3600
2026-08-18 17:12:58,363 [screen.py:show_popup_message()] - error: Unknown gcode_macro variable 'record_extruder_temp'
2026-08-18 17:13:02,830 [job_status.py:close_panel()] - Closing job_status panel
2026-08-18 17:13:02,830 [KlippyWebsocket.py:get_file_list()] - Sending server.files.list
2026-08-18 17:13:02,834 [screen.py:_remove_all_panels()] - Removing all panels
2026-08-18 17:13:02,953 [screen.py:show_panel()] - Reinitializing panel main_menu
2026-08-18 17:13:03,090 [main_menu.py:__init__()] - ### Making MainMenu
2026-08-18 17:13:03,142 [main_menu.py:add_device()] - Adding device: extruder
2026-08-18 17:13:03,150 [main_menu.py:add_device()] - Adding device: heater_bed
2026-08-18 17:13:03,157 [main_menu.py:add_device()] - Adding device: temperature_sensor mcu_temp
2026-08-18 17:13:03,165 [main_menu.py:add_device()] - Adding device: temperature_sensor Host_temp
2026-08-18 17:13:03,172 [main_menu.py:add_device()] - Adding device: temperature_sensor Toolhead_Temp
2026-08-18 17:13:03,210 [menu.py:arrangeMenuItems()] - X > gcodes
2026-08-18 17:13:03,224 [screen.py:attach_panel()] - Current panel hierarchy: main_menu
2026-08-18 17:13:08,621 [screen.py:_go_to_submenu()] - #### Go to submenu more
2026-08-18 17:13:08,622 [screen.py:_go_to_submenu()] - #### Menu __main
2026-08-18 17:13:08,631 [screen.py:show_panel()] - Reinitializing panel menu
2026-08-18 17:13:08,715 [menu.py:evaluate_enable()] - moonraker connected True
2026-08-18 17:13:08,962 [screen.py:attach_panel()] - Current panel hierarchy: main_menu > more
2026-08-18 17:13:08,975 [menu.py:arrangeMenuItems()] - X > more bedlevel
2026-08-18 17:13:09,020 [menu.py:arrangeMenuItems()] - X > more power
2026-08-18 17:13:09,052 [menu.py:arrangeMenuItems()] - X > more spoolman
2026-08-18 17:13:09,052 [menu.py:evaluate_enable()] - moonraker connected True
2026-08-18 17:13:09,081 [screen.py:_go_to_submenu()] - menu, {{ gettext('More') }}, panel_name=more, items=[{'more bedlevel': {'name': "{{ gettext('Bed Level') }}", 'icon': 'bed-level', 'panel': 'bed_level', 'method': None, 'confirm': None, 'enable': "{{ 'bed_screws' in printer.config_sections or 'screws_tilt_adjust' in printer.config_sections }}", 'params': '{}', 'style': None}}, {'more bedmesh': {'name': "{{ gettext('Bed Mesh') }}", 'icon': 'bed-mesh', 'panel': 'bed_mesh', 'method': None, 'confirm': None, 'enable': "{{ 'bed_mesh' in printer.config_sections }}", 'params': '{}', 'style': None}}, {'more zoffset': {'name': "{{ gettext('Z Calibrate') }}", 'icon': 'z-farther', 'panel': 'zcalibrate', 'method': None, 'confirm': None, 'enable': 'True', 'params': '{}', 'style': None}}, {'more limits': {'name': "{{ gettext('Limits') }}", 'icon': 'fine-tune', 'panel': 'limits', 'method': None, 'confirm': None, 'enable': 'True', 'params': '{}', 'style': None}}, {'more fan': {'name': "{{ gettext('Fan') }}", 'icon': 'fan', 'panel': 'fan', 'method': None, 'confirm': None, 'enable': '{{ printer.fans.count > 0 }}', 'params': '{}', 'style': None}}, {'more led': {'name': "{{ gettext('Leds') }}", 'icon': 'light', 'panel': 'led', 'method': None, 'confirm': None, 'enable': '{{ printer.leds.count > 0 }}', 'params': '{}', 'style': None}}, {'more macros': {'name': "{{ gettext('Macros') }}", 'icon': 'custom-script', 'panel': 'gcode_macros', 'method': None, 'confirm': None, 'enable': '{{ printer.gcode_macros.count > 0 }}', 'params': '{}', 'style': None}}, {'more pins': {'name': "{{ gettext('Pins') }}", 'icon': 'hashtag', 'panel': 'pins', 'method': None, 'confirm': None, 'enable': '{{ printer.output_pins.count > 0 or printer.pwm_tools.count > 0 }}', 'params': '{}', 'style': None}}, {'more power': {'name': "{{ gettext('Power') }}", 'icon': 'shutdown', 'panel': 'power', 'method': None, 'confirm': None, 'enable': '{{ moonraker.power_devices.count > 0 }}', 'params': '{}', 'style': None}}, {'more camera': {'name': "{{ gettext('Camera') }}", 'icon': 'camera', 'panel': 'camera', 'method': None, 'confirm': None, 'enable': '{{ moonraker.cameras.count > 0 }}', 'params': '{}', 'style': None}}, {'more console': {'name': "{{ gettext('Console') }}", 'icon': 'console', 'panel': 'console', 'method': None, 'confirm': None, 'enable': 'True', 'params': '{}', 'style': None}}, {'more updater': {'name': "{{ gettext('Update') }}", 'icon': 'refresh', 'panel': 'updater', 'method': None, 'confirm': None, 'enable': 'True', 'params': '{}', 'style': None}}, {'more input_shaper': {'name': "{{ gettext('Input Shaper') }}", 'icon': 'move', 'panel': 'input_shaper', 'method': None, 'confirm': None, 'enable': "{{ 'input_shaper' in printer.config_sections }}", 'params': '{}', 'style': None}}, {'more save': {'name': "{{ gettext('Save Config') }}", 'icon': 'complete', 'panel': None, 'method': 'ks_confirm_save', 'confirm': None, 'enable': 'True', 'params': '{}', 'style': None}}, {'more settings': {'name': 'KlipperScreen', 'icon': 'settings', 'panel': 'settings', 'method': None, 'confirm': None, 'enable': 'True', 'params': '{}', 'style': None}}, {'more network': {'name': "{{ gettext('Network') }}", 'icon': 'network', 'panel': 'network', 'method': None, 'confirm': None, 'enable': 'True', 'params': '{}', 'style': None}}, {'more notifications': {'name': "{{ gettext('Notifications') }}", 'icon': 'notifications', 'panel': 'notifications', 'method': None, 'confirm': None, 'enable': 'True', 'params': '{}', 'style': None}}, {'more spoolman': {'name': 'Spoolman', 'icon': 'spoolman', 'panel': 'spoolman', 'method': None, 'confirm': None, 'enable': '{{ moonraker.spoolman }}', 'params': '{}', 'style': None}}, {'more system': {'name': "{{ gettext('System') }}", 'icon': 'info', 'panel': 'system', 'method': None, 'confirm': None, 'enable': '{{ moonraker_connected }}', 'params': '{}', 'style': None}}, {'more fine_tune': {'name': "{{ gettext('Fine Tuning') }}", 'icon': 'fine-tune', 'panel': 'fine_tune', 'method': None, 'confirm': None, 'enable': 'True', 'params': '{}', 'style': None}}]
2026-08-18 17:13:10,456 [screen.py:show_panel()] - Reinitializing panel gcode_macros
2026-08-18 17:13:10,518 [screen.py:attach_panel()] - Current panel hierarchy: main_menu > more > gcode_macros
2026-08-18 17:13:14,129 [screen.py:show_popup_message()] - echo: QUAD_GANTRY_LEVEL_50 
2026-08-18 17:13:14,143 [screen.py:_send_action()] - printer.gcode.script: {'script': 'QUAD_GANTRY_LEVEL_50'}
2026-08-18 17:13:16,694 [screen.py:_menu_go_back()] - #### Menu go back
2026-08-18 17:13:16,753 [screen.py:attach_panel()] - Current panel hierarchy: main_menu > more
2026-08-18 17:13:16,776 [menu.py:arrangeMenuItems()] - X > more bedlevel
2026-08-18 17:13:16,820 [menu.py:arrangeMenuItems()] - X > more power
2026-08-18 17:13:16,858 [menu.py:arrangeMenuItems()] - X > more spoolman
2026-08-18 17:13:16,859 [menu.py:evaluate_enable()] - moonraker connected True
2026-08-18 17:13:17,734 [screen.py:_menu_go_back()] - #### Menu go back
2026-08-18 17:13:17,771 [screen.py:attach_panel()] - Current panel hierarchy: main_menu
2026-08-18 17:17:30,817 [screen.py:show_panel()] - Reinitializing panel gcodes
2026-08-18 17:17:30,838 [gcodes.py:__init__()] - Thumbsize: 196.3
2026-08-18 17:17:30,979 [gcodes.py:__init__()] - list
2026-08-18 17:17:31,004 [KlippyWebsocket.py:get_dir_info()] - Sending server.files.get_directory  gcodes
2026-08-18 17:17:31,022 [screen.py:attach_panel()] - Current panel hierarchy: main_menu > gcodes
2026-08-18 17:17:33,100 [gcodes.py:load_files()] - Loaded in 1.800 seconds
2026-08-18 17:17:35,387 [KlippyGtk.py:Dialog()] - Showing dialog Print Doctor Pen Holder_PLA_0.3_2h49m.gcode (width=1366, height=768)
2026-08-18 17:17:37,992 [KlippyGtk.py:remove_dialog()] - Removing Dialog
2026-08-18 17:17:37,992 [gcodes.py:confirm_print_response()] - Starting print: Doctor Pen Holder_PLA_0.3_2h49m.gcode
2026-08-18 17:17:37,993 [KlippyWebsocket.py:print_start()] - Sending printer.print.start
2026-08-18 17:17:38,201 [printer.py:change_state()] - Changing state from 'ready' to 'printing'
2026-08-18 17:17:38,201 [printer.py:change_state()] - Adding callback for state: printing
2026-08-18 17:17:38,276 [screen.py:set_dpms_timeout()] - DPMS on :0 set to: 3600
2026-08-18 17:17:38,277 [screen.py:set_screenblanking_timeout()] - Blanking timeout: 3600
2026-08-18 17:17:38,277 [screen.py:_remove_all_panels()] - Removing all panels
2026-08-18 17:17:38,457 [screen.py:show_panel()] - Reinitializing panel job_status
2026-08-18 17:17:38,575 [screen.py:attach_panel()] - Current panel hierarchy: job_status
2026-08-18 17:17:38,589 [job_status.py:set_state()] - Changing job_status state from 'standby' to 'printing'
2026-08-18 17:17:38,603 [job_status.py:update_filename()] - Updating filename to Doctor Pen Holder_PLA_0.3_2h49m.gcode
2026-08-18 17:17:38,605 [job_status.py:_update_file_metadata()] - Update Metadata. File: Doctor Pen Holder_PLA_0.3_2h49m.gcode Size: 23152590
2026-08-18 17:18:04,641 [KlippyWebsocket.py:print_pause()] - Sending printer.print.pause
2026-08-18 17:18:05,516 [printer.py:change_state()] - Changing state from 'printing' to 'paused'
2026-08-18 17:18:05,517 [printer.py:change_state()] - Adding callback for state: paused
2026-08-18 17:18:05,539 [job_status.py:set_state()] - Changing job_status state from 'printing' to 'paused'
2026-08-18 17:18:05,865 [screen.py:set_dpms_timeout()] - DPMS on :0 set to: 3600
2026-08-18 17:18:05,866 [screen.py:set_screenblanking_timeout()] - Blanking timeout: 3600
2026-08-18 17:18:05,866 [screen.py:show_panel()] - Panel is already is in view
2026-08-18 17:18:05,877 [screen.py:show_panel()] - Reinitializing panel extrude
2026-08-18 17:18:05,956 [screen.py:attach_panel()] - Current panel hierarchy: job_status > extrude
2026-08-18 17:20:47,408 [screen.py:_menu_go_back()] - #### Menu go back
2026-08-18 17:20:47,438 [screen.py:attach_panel()] - Current panel hierarchy: job_status
2026-08-18 17:20:49,116 [KlippyWebsocket.py:print_resume()] - Sending printer.print.resume
2026-08-18 17:20:49,285 [printer.py:change_state()] - Changing state from 'paused' to 'printing'
2026-08-18 17:20:49,286 [printer.py:change_state()] - Adding callback for state: printing
2026-08-18 17:20:49,302 [job_status.py:set_state()] - Changing job_status state from 'paused' to 'printing'
2026-08-18 17:20:49,664 [screen.py:set_dpms_timeout()] - DPMS on :0 set to: 3600
2026-08-18 17:20:49,665 [screen.py:set_screenblanking_timeout()] - Blanking timeout: 3600
2026-08-18 17:20:49,665 [screen.py:show_panel()] - Panel is already is in view
2026-08-18 17:21:47,420 [screen.py:show_popup_message()] - error: // Unknown command:"T0"
2026-08-18 17:35:44,907 [screen.py:_load_panel()] - Loading panel: fine_tune
2026-08-18 17:35:45,004 [screen.py:attach_panel()] - Current panel hierarchy: job_status > fine_tune
2026-08-18 17:35:48,506 [screen.py:_send_action()] - printer.gcode.script: {'script': 'SET_GCODE_OFFSET Z_ADJUST=+0.05 MOVE=1'}
2026-08-18 18:03:30,132 [screen.py:_send_action()] - printer.gcode.script: {'script': 'SET_GCODE_OFFSET Z_ADJUST=+0.05 MOVE=1'}
2026-08-18 18:25:17,123 [screen.py:_menu_go_back()] - #### Menu go back
2026-08-18 18:25:17,154 [screen.py:attach_panel()] - Current panel hierarchy: job_status
2026-08-18 18:25:18,867 [screen.py:attach_panel()] - Current panel hierarchy: job_status > fine_tune
2026-08-18 18:25:21,035 [screen.py:_menu_go_back()] - #### Menu go back
2026-08-18 18:25:21,064 [screen.py:attach_panel()] - Current panel hierarchy: job_status
2026-08-18 18:25:22,318 [screen.py:attach_panel()] - Current panel hierarchy: job_status > fine_tune
2026-08-18 18:25:23,109 [screen.py:_send_action()] - printer.gcode.script: {'script': 'M220 S75'}
2026-08-18 18:25:24,044 [screen.py:_menu_go_back()] - #### Menu go back
2026-08-18 18:25:24,074 [screen.py:attach_panel()] - Current panel hierarchy: job_status
2026-08-18 18:25:24,771 [screen.py:_go_to_submenu()] - #### Go to submenu 
2026-08-18 18:25:24,772 [screen.py:_go_to_submenu()] - #### Menu __print
2026-08-18 18:25:24,780 [screen.py:_load_panel()] - Loading panel: menu
2026-08-18 18:25:24,850 [menu.py:evaluate_enable()] - moonraker connected True
2026-08-18 18:25:25,159 [screen.py:attach_panel()] - Current panel hierarchy: job_status > 
2026-08-18 18:25:25,186 [menu.py:arrangeMenuItems()] - X > move
2026-08-18 18:25:25,197 [menu.py:arrangeMenuItems()] - X > power
2026-08-18 18:25:25,242 [menu.py:arrangeMenuItems()] - X > spoolman
2026-08-18 18:25:25,242 [menu.py:evaluate_enable()] - moonraker connected True
2026-08-18 18:25:25,278 [screen.py:_go_to_submenu()] - menu, {{ gettext('Print Control') }}, panel_name=, items=[{'temperature': {'name': "{{ gettext('Temperature') }}", 'icon': 'heat-up', 'panel': 'temperature', 'method': None, 'confirm': None, 'enable': '{{ (printer.temperature_devices.count > 0) or (printer.extruders.count > 0)}}', 'params': '{}', 'style': None}}, {'fan': {'name': "{{ gettext('Fan') }}", 'icon': 'fan', 'panel': 'fan', 'method': None, 'confirm': None, 'enable': '{{ printer.fans.count > 0 }}', 'params': '{}', 'style': None}}, {'move': {'name': "{{ gettext('Move') }}", 'icon': 'move', 'panel': 'move', 'method': None, 'confirm': None, 'enable': '{{ printer.pause_resume.is_paused }}', 'params': '{}', 'style': None}}, {'extrude': {'name': "{{ gettext('Extrude') }}", 'icon': 'extrude', 'panel': 'extrude', 'method': None, 'confirm': None, 'enable': '{{ printer.extruders.count > 0 }}', 'params': '{}', 'style': None}}, {'power': {'name': "{{ gettext('Power') }}", 'icon': 'shutdown', 'panel': 'power', 'method': None, 'confirm': None, 'enable': '{{ moonraker.power_devices.count > 0 }}', 'params': '{}', 'style': None}}, {'led': {'name': "{{ gettext('Leds') }}", 'icon': 'light', 'panel': 'led', 'method': None, 'confirm': None, 'enable': '{{ printer.leds.count > 0 }}', 'params': '{}', 'style': None}}, {'macros': {'name': "{{ gettext('Macros') }}", 'icon': 'custom-script', 'panel': 'gcode_macros', 'method': None, 'confirm': None, 'enable': '{{ printer.gcode_macros.count > 0 }}', 'params': '{}', 'style': None}}, {'notifications': {'name': "{{ gettext('Notifications') }}", 'icon': 'notifications', 'panel': 'notifications', 'method': None, 'confirm': None, 'enable': 'True', 'params': '{}', 'style': None}}, {'camera': {'name': "{{ gettext('Camera') }}", 'icon': 'camera', 'panel': 'camera', 'method': None, 'confirm': None, 'enable': '{{ moonraker.cameras.count > 0 }}', 'params': '{}', 'style': None}}, {'console': {'name': "{{ gettext('Console') }}", 'icon': 'console', 'panel': 'console', 'method': None, 'confirm': None, 'enable': 'True', 'params': '{}', 'style': None}}, {'limits': {'name': "{{ gettext('Limits') }}", 'icon': 'fine-tune', 'panel': 'limits', 'method': None, 'confirm': None, 'enable': 'True', 'params': '{}', 'style': None}}, {'network': {'name': "{{ gettext('Network') }}", 'icon': 'network', 'panel': 'network', 'method': None, 'confirm': None, 'enable': 'True', 'params': '{}', 'style': None}}, {'settings': {'name': 'KlipperScreen', 'icon': 'settings', 'panel': 'settings', 'method': None, 'confirm': None, 'enable': 'True', 'params': '{}', 'style': None}}, {'spoolman': {'name': 'Spoolman', 'icon': 'spoolman', 'panel': 'spoolman', 'method': None, 'confirm': None, 'enable': '{{ moonraker.spoolman }}', 'params': '{}', 'style': None}}, {'system': {'name': "{{ gettext('System') }}", 'icon': 'info', 'panel': 'system', 'method': None, 'confirm': None, 'enable': '{{ moonraker_connected }}', 'params': '{}', 'style': None}}, {'pins': {'name': "{{ gettext('Pins') }}", 'icon': 'hashtag', 'panel': 'pins', 'method': None, 'confirm': None, 'enable': '{{ printer.output_pins.count > 0 or printer.pwm_tools.count > 0 }}', 'params': '{}', 'style': None}}, {'lock': {'name': "{{ gettext('Lock') }}", 'icon': 'lock', 'panel': 'lock_screen', 'method': None, 'confirm': None, 'enable': 'True', 'params': '{}', 'style': None}}]
2026-08-18 18:25:26,374 [screen.py:_load_panel()] - Loading panel: temperature
2026-08-18 18:25:26,396 [temperature.py:add_device()] - Adding device: extruder
2026-08-18 18:25:26,407 [temperature.py:add_device()] - Adding device: heater_bed
2026-08-18 18:25:26,415 [temperature.py:add_device()] - Adding device: temperature_sensor mcu_temp
2026-08-18 18:25:26,422 [temperature.py:add_device()] - Adding device: temperature_sensor Host_temp
2026-08-18 18:25:26,430 [temperature.py:add_device()] - Adding device: temperature_sensor Toolhead_Temp
2026-08-18 18:25:26,487 [screen.py:attach_panel()] - Current panel hierarchy: job_status >  > temperature
2026-08-18 18:25:26,490 [temperature.py:select_heater()] - Selecting extruder
2026-08-18 18:25:28,092 [KlippyWebsocket.py:set_tool_temp()] - Sending set_tool_temp: M104 T0 S220.0
2026-08-18 18:25:28,093 [temperature.py:change_target_temp_incremental()] - Setting extruder to 220.0
2026-08-18 18:25:29,676 [KlippyWebsocket.py:set_tool_temp()] - Sending set_tool_temp: M104 T0 S210.0
2026-08-18 18:25:29,677 [temperature.py:change_target_temp_incremental()] - Setting extruder to 210.0
2026-08-18 18:25:32,329 [KlippyWebsocket.py:set_tool_temp()] - Sending set_tool_temp: M104 T0 S220.0
2026-08-18 18:25:32,330 [temperature.py:change_target_temp_incremental()] - Setting extruder to 220.0
2026-08-18 18:25:33,844 [screen.py:_menu_go_back()] - #### Menu go back
2026-08-18 18:25:33,876 [screen.py:attach_panel()] - Current panel hierarchy: job_status > 
2026-08-18 18:25:33,903 [menu.py:arrangeMenuItems()] - X > move
2026-08-18 18:25:33,916 [menu.py:arrangeMenuItems()] - X > power
2026-08-18 18:25:33,956 [menu.py:arrangeMenuItems()] - X > spoolman
2026-08-18 18:25:33,957 [menu.py:evaluate_enable()] - moonraker connected True
2026-08-18 19:29:26,291 [screensaver.py:show()] - Showing Screensaver
2026-08-18 20:44:02,992 [printer.py:change_state()] - Changing state from 'printing' to 'ready'
2026-08-18 20:44:02,993 [printer.py:change_state()] - Adding callback for state: ready
2026-08-18 20:44:02,997 [screensaver.py:close()] - Closing Screensaver
2026-08-18 20:44:03,000 [screen.py:wake_screen()] - Screen wake up
2026-08-18 20:44:03,107 [screen.py:set_dpms_timeout()] - DPMS on :0 set to: 3600
2026-08-18 20:44:03,108 [screen.py:set_screenblanking_timeout()] - Blanking timeout: 3600
2026-08-18 20:17:53,210 [functions.py:log_start()] - --------------------KlipperScreen Log Start--------------------
2026-08-18 20:17:53,211 [functions.py:log_start()] - KlipperScreen Version: v0.4.6-64-g7f8cb47
2026-08-18 20:17:53,212 [functions.py:log_start()] - Python version: 3.9
2026-08-18 20:17:54,190 [config.py:get_config_file_location()] - Passed config (-c): .
2026-08-18 20:17:54,191 [config.py:__init__()] - Config path location: /home/biqu/printer_data/config/KlipperScreen.conf
2026-08-18 20:17:54,257 [config.py:log_config()] - ===== Config File =====
[main]
show_cursor = True
=======================
2026-08-18 20:17:54,261 [config.py:__init__()] - 
====== Saved ======

[main]
font_size = small
show_cursor = True
print_sort_dir = date_desc
print_view = list

[graph Printer]
extruder = False


2026-08-18 20:17:54,263 [config.py:__init__()] - Configured printers: [
  {
    "Printer": {
      "moonraker_host": "127.0.0.1",
      "moonraker_port": "7125",
      "moonraker_path": "",
      "moonraker_ssl": null,
      "moonraker_api_key": ""
    }
  }
]
2026-08-18 20:17:54,450 [config.py:create_translations()] - Selected lang: system_lang OS lang: en_US
2026-08-18 20:17:54,451 [config.py:install_language()] - Using lang en
2026-08-18 20:17:54,496 [screen.py:__init__()] - Display for xset: :0
2026-08-18 20:17:54,501 [screen.py:__init__()] - Screen 0: 1366x768
2026-08-18 20:17:54,501 [screen.py:__init__()] - Monitors: 1 using number: 0
2026-08-18 20:17:54,502 [screen.py:__init__()] - Wayland: False Display name: :0
2026-08-18 20:17:54,508 [screen.py:__init__()] - Screen resolution: 1366x768
2026-08-18 20:17:54,773 [KlippyGtk.py:__init__()] - Font size: 25.9 (small)
2026-08-18 20:17:56,134 [base_panel.py:battery_percentage()] - Battery information not available.
2026-08-18 20:17:57,393 [screen.py:set_dpms_timeout()] - DPMS on :0 set to: 3600
2026-08-18 20:17:57,395 [screen.py:set_screenblanking_timeout()] - Blanking timeout: 3600
2026-08-18 20:17:57,396 [screen.py:initial_connection()] - Default printer: None
2026-08-18 20:17:57,505 [screen.py:connect_printer()] - Connecting to printer: Printer
2026-08-18 20:17:57,506 [screen.py:_remove_all_panels()] - Removing all panels
2026-08-18 20:17:57,610 [screen.py:_load_panel()] - Loading panel: splash_screen
2026-08-18 20:17:57,700 [screen.py:attach_panel()] - Current panel hierarchy: splash_screen
2026-08-18 20:17:57,757 [KlippyWebsocket.py:connect()] - Attempting to connect
2026-08-18 20:17:57,758 [KlippyWebsocket.py:connect()] - Starting websocket thread
2026-08-18 20:17:57,779 [_logging.py:info()] - Websocket connected
2026-08-18 20:17:57,780 [KlippyWebsocket.py:on_open()] - Moonraker Websocket Open
2026-08-18 20:17:57,784 [screen.py:websocket_connected()] - ### websocket_connected
2026-08-18 20:17:57,841 [KlippyWebsocket.py:identify_client()] - Sending server.connection.identify
2026-08-18 20:17:57,866 [printer.py:configure_cameras()] - Cameras: [{'name': 'MAIN-WEBCAM', 'enabled': True, 'icon': 'mdiWebcam', 'aspect_ratio': '4:3', 'target_fps': 15, 'target_fps_idle': 15, 'location': 'printer', 'service': 'mjpegstreamer-adaptive', 'stream_url': '/webcam/?action=stream', 'snapshot_url': '/webcam/?action=snapshot', 'flip_horizontal': False, 'flip_vertical': False, 'rotation': 0, 'source': 'database', 'extra_data': {}, 'uid': '6db9fdef-ebb0-4c42-8a1a-f022bbcfdb1a'}]
2026-08-18 20:17:57,887 [screen.py:init_klipper()] - Moonraker info {'klippy_connected': False, 'klippy_state': 'disconnected', 'components': ['secrets', 'template', 'klippy_connection', 'jsonrpc', 'internal_transport', 'application', 'websockets', 'database', 'dbus_manager', 'file_manager', 'authorization', 'klippy_apis', 'shell_command', 'machine', 'data_store', 'proc_stats', 'job_state', 'job_queue', 'history', 'http_client', 'announcements', 'webcam', 'extensions', 'octoprint_compat', 'update_manager', 'timelapse'], 'failed_components': [], 'registered_directories': ['config', 'logs', 'gcodes', 'timelapse', 'timelapse_frames'], 'warnings': [], 'websocket_count': 1, 'moonraker_version': 'v0.9.3-130-g5b92e52', 'missing_klippy_requirements': [], 'api_version': [1, 5, 0], 'api_version_string': '1.5.0'}
2026-08-18 20:18:01,512 [screen.py:init_klipper()] - Moonraker info {'klippy_connected': True, 'klippy_state': 'startup', 'components': ['secrets', 'template', 'klippy_connection', 'jsonrpc', 'internal_transport', 'application', 'websockets', 'database', 'dbus_manager', 'file_manager', 'authorization', 'klippy_apis', 'shell_command', 'machine', 'data_store', 'proc_stats', 'job_state', 'job_queue', 'history', 'http_client', 'announcements', 'webcam', 'extensions', 'octoprint_compat', 'update_manager', 'timelapse'], 'failed_components': [], 'registered_directories': ['config', 'logs', 'gcodes', 'timelapse', 'timelapse_frames'], 'warnings': [], 'websocket_count': 1, 'moonraker_version': 'v0.9.3-130-g5b92e52', 'missing_klippy_requirements': [], 'api_version': [1, 5, 0], 'api_version_string': '1.5.0'}
2026-08-18 20:18:02,475 [KlippyRest.py:_do_request()] - 404 Client Error>>Not Found for url>>http://127.0.0.1:7125/printer/info
2026-08-18 20:18:06,515 [screen.py:init_klipper()] - Moonraker info {'klippy_connected': True, 'klippy_state': 'startup', 'components': ['secrets', 'template', 'klippy_connection', 'jsonrpc', 'internal_transport', 'application', 'websockets', 'database', 'dbus_manager', 'file_manager', 'authorization', 'klippy_apis', 'shell_command', 'machine', 'data_store', 'proc_stats', 'job_state', 'job_queue', 'history', 'http_client', 'announcements', 'webcam', 'extensions', 'octoprint_compat', 'update_manager', 'timelapse'], 'failed_components': [], 'registered_directories': ['config', 'logs', 'gcodes', 'timelapse', 'timelapse_frames'], 'warnings': [], 'websocket_count': 1, 'moonraker_version': 'v0.9.3-130-g5b92e52', 'missing_klippy_requirements': [], 'api_version': [1, 5, 0], 'api_version_string': '1.5.0'}
2026-08-18 20:18:06,537 [KlippyRest.py:_do_request()] - 404 Client Error>>Not Found for url>>http://127.0.0.1:7125/printer/info
2026-08-18 20:18:10,534 [screen.py:init_klipper()] - Moonraker info {'klippy_connected': True, 'klippy_state': 'startup', 'components': ['secrets', 'template', 'klippy_connection', 'jsonrpc', 'internal_transport', 'application', 'websockets', 'database', 'dbus_manager', 'file_manager', 'authorization', 'klippy_apis', 'shell_command', 'machine', 'data_store', 'proc_stats', 'job_state', 'job_queue', 'history', 'http_client', 'announcements', 'webcam', 'extensions', 'octoprint_compat', 'update_manager', 'timelapse'], 'failed_components': [], 'registered_directories': ['config', 'logs', 'gcodes', 'timelapse', 'timelapse_frames'], 'warnings': [], 'websocket_count': 1, 'moonraker_version': 'v0.9.3-130-g5b92e52', 'missing_klippy_requirements': [], 'api_version': [1, 5, 0], 'api_version_string': '1.5.0'}
2026-08-18 20:18:10,586 [KlippyRest.py:_do_request()] - 404 Client Error>>Not Found for url>>http://127.0.0.1:7125/printer/info
2026-08-18 20:18:14,517 [screen.py:init_klipper()] - Moonraker info {'klippy_connected': True, 'klippy_state': 'startup', 'components': ['secrets', 'template', 'klippy_connection', 'jsonrpc', 'internal_transport', 'application', 'websockets', 'database', 'dbus_manager', 'file_manager', 'authorization', 'klippy_apis', 'shell_command', 'machine', 'data_store', 'proc_stats', 'job_state', 'job_queue', 'history', 'http_client', 'announcements', 'webcam', 'extensions', 'octoprint_compat', 'update_manager', 'timelapse'], 'failed_components': [], 'registered_directories': ['config', 'logs', 'gcodes', 'timelapse', 'timelapse_frames', 'config_examples', 'docs'], 'warnings': [], 'websocket_count': 1, 'moonraker_version': 'v0.9.3-130-g5b92e52', 'missing_klippy_requirements': [], 'api_version': [1, 5, 0], 'api_version_string': '1.5.0'}
2026-08-18 20:18:14,585 [printer.py:log_counts()] - Klipper version: v0.13.0-435-g8b58aa13-dirty
2026-08-18 20:18:14,585 [printer.py:log_counts()] - # Extruders: 1
2026-08-18 20:18:14,586 [printer.py:log_counts()] - # Temperature devices: 4
2026-08-18 20:18:14,586 [printer.py:log_counts()] - # Fans: 4
2026-08-18 20:18:14,587 [printer.py:log_counts()] - # Output pins: 1
2026-08-18 20:18:14,587 [printer.py:log_counts()] - # PWM tools: 0
2026-08-18 20:18:14,587 [printer.py:log_counts()] - # Leds: 2
2026-08-18 20:18:14,854 [KlippyWebsocket.py:object_subscription()] - Sending printer.objects.subscribe
2026-08-18 20:18:14,857 [files.py:set_gcodes_path()] - Gcodes path: /home/biqu/printer_data/gcodes
2026-08-18 20:18:14,858 [screen.py:init_klipper()] - Printer initialized
2026-08-18 20:18:14,861 [printer.py:change_state()] - Changing state from 'disconnected' to 'startup'
2026-08-18 20:18:14,861 [printer.py:change_state()] - Adding callback for state: startup
2026-08-18 20:18:14,922 [screen.py:set_dpms_timeout()] - DPMS on :0 set to: 3600
2026-08-18 20:18:14,923 [screen.py:set_screenblanking_timeout()] - Blanking timeout: 3600
2026-08-18 20:18:15,420 [printer.py:change_state()] - Changing state from 'startup' to 'ready'
2026-08-18 20:18:15,421 [printer.py:change_state()] - Adding callback for state: ready
2026-08-18 20:18:15,463 [screen.py:set_dpms_timeout()] - DPMS on :0 set to: 3600
2026-08-18 20:18:15,464 [screen.py:set_screenblanking_timeout()] - Blanking timeout: 3600
2026-08-18 20:18:15,464 [KlippyWebsocket.py:get_file_list()] - Sending server.files.list
2026-08-18 20:18:15,468 [screen.py:_remove_all_panels()] - Removing all panels
2026-08-18 20:18:15,570 [screen.py:_load_panel()] - Loading panel: main_menu
2026-08-18 20:18:15,798 [main_menu.py:__init__()] - ### Making MainMenu
2026-08-18 20:18:15,821 [main_menu.py:add_device()] - Adding device: extruder
2026-08-18 20:18:15,833 [main_menu.py:add_device()] - Adding device: heater_bed
2026-08-18 20:18:15,844 [main_menu.py:add_device()] - Adding device: temperature_sensor mcu_temp
2026-08-18 20:18:15,856 [main_menu.py:add_device()] - Adding device: temperature_sensor Host_temp
2026-08-18 20:18:15,864 [main_menu.py:add_device()] - Adding device: temperature_sensor Toolhead_Temp
2026-08-18 20:18:15,906 [menu.py:arrangeMenuItems()] - X > gcodes
2026-08-18 20:18:15,924 [screen.py:attach_panel()] - Current panel hierarchy: main_menu
2026-08-18 20:18:15,945 [screen.py:init_tempstore()] - Tempstore not ready: {} Retrying in 5 seconds
2026-08-18 20:18:16,132 [heatergraph.py:draw_graph()] - Tempstore not initialized!
2026-08-18 20:18:16,168 [screen.py:init_tempstore()] - Tempstore not ready: {} Retrying in 5 seconds
2026-08-18 21:08:58,608 [printer.py:init_temp_store()] - Temp store: ['heater_bed', 'temperature_sensor mcu_temp', 'temperature_sensor Host_temp', 'temperature_sensor Toolhead_Temp', 'extruder']
2026-08-18 21:08:58,650 [screen.py:init_tempstore()] - Temperature store size: 1200
2026-08-18 21:09:34,520 [base_panel.py:battery_percentage()] - Battery information not available.
2026-08-18 21:20:24,875 [printer.py:change_state()] - Changing state from 'ready' to 'disconnected'
2026-08-18 21:20:24,878 [printer.py:change_state()] - Adding callback for state: disconnected
2026-08-18 21:20:25,038 [screen.py:set_dpms_timeout()] - DPMS on :0 set to: 3600
2026-08-18 21:20:25,039 [screen.py:set_screenblanking_timeout()] - Blanking timeout: 3600
2026-08-18 21:20:25,040 [screen.py:state_disconnected()] - ### Going to disconnected
2026-08-18 21:20:25,049 [screen.py:_remove_all_panels()] - Removing all panels
2026-08-18 21:20:25,259 [screen.py:show_panel()] - Reinitializing panel splash_screen
2026-08-18 21:20:25,420 [screen.py:attach_panel()] - Current panel hierarchy: splash_screen
2026-08-18 21:20:29,542 [screen.py:init_klipper()] - Moonraker info {'klippy_connected': True, 'klippy_state': 'error', 'components': ['secrets', 'template', 'klippy_connection', 'jsonrpc', 'internal_transport', 'application', 'websockets', 'database', 'dbus_manager', 'file_manager', 'authorization', 'klippy_apis', 'shell_command', 'machine', 'data_store', 'proc_stats', 'job_state', 'job_queue', 'history', 'http_client', 'announcements', 'webcam', 'extensions', 'octoprint_compat', 'update_manager', 'timelapse'], 'failed_components': [], 'registered_directories': ['config', 'logs', 'gcodes', 'timelapse', 'timelapse_frames', 'config_examples', 'docs'], 'warnings': [], 'websocket_count': 2, 'moonraker_version': 'v0.9.3-130-g5b92e52', 'missing_klippy_requirements': [], 'api_version': [1, 5, 0], 'api_version_string': '1.5.0'}
2026-08-18 21:20:29,799 [printer.py:log_counts()] - Klipper version: v0.13.0-435-g8b58aa13-dirty
2026-08-18 21:20:29,799 [printer.py:log_counts()] - # Extruders: 0
2026-08-18 21:20:29,800 [printer.py:log_counts()] - # Temperature devices: 0
2026-08-18 21:20:29,800 [printer.py:log_counts()] - # Fans: 0
2026-08-18 21:20:29,800 [printer.py:log_counts()] - # Output pins: 0
2026-08-18 21:20:29,800 [printer.py:log_counts()] - # PWM tools: 0
2026-08-18 21:20:29,800 [printer.py:log_counts()] - # Leds: 0
2026-08-18 21:20:30,043 [KlippyWebsocket.py:object_subscription()] - Sending printer.objects.subscribe
2026-08-18 21:20:30,045 [files.py:set_gcodes_path()] - Gcodes path: /home/biqu/printer_data/gcodes
2026-08-18 21:20:30,046 [screen.py:init_klipper()] - Printer initialized
2026-08-18 21:20:30,047 [printer.py:change_state()] - Changing state from 'disconnected' to 'error'
2026-08-18 21:20:30,047 [printer.py:change_state()] - Adding callback for state: error
2026-08-18 21:20:30,101 [screen.py:set_dpms_timeout()] - DPMS on :0 set to: 3600
2026-08-18 21:20:30,102 [screen.py:set_screenblanking_timeout()] - Blanking timeout: 3600
2026-08-18 21:20:30,102 [screen.py:show_panel()] - Panel is already is in view
2026-08-18 21:21:34,898 [printer.py:change_state()] - Changing state from 'error' to 'disconnected'
2026-08-18 21:21:34,899 [printer.py:change_state()] - Adding callback for state: disconnected
2026-08-18 21:21:34,958 [screen.py:set_dpms_timeout()] - DPMS on :0 set to: 3600
2026-08-18 21:21:34,959 [screen.py:set_screenblanking_timeout()] - Blanking timeout: 3600
2026-08-18 21:21:34,960 [screen.py:state_disconnected()] - ### Going to disconnected
2026-08-18 21:21:34,960 [screen.py:show_panel()] - Panel is already is in view
2026-08-18 21:21:39,543 [screen.py:init_klipper()] - Moonraker info {'klippy_connected': True, 'klippy_state': 'startup', 'components': ['secrets', 'template', 'klippy_connection', 'jsonrpc', 'internal_transport', 'application', 'websockets', 'database', 'dbus_manager', 'file_manager', 'authorization', 'klippy_apis', 'shell_command', 'machine', 'data_store', 'proc_stats', 'job_state', 'job_queue', 'history', 'http_client', 'announcements', 'webcam', 'extensions', 'octoprint_compat', 'update_manager', 'timelapse'], 'failed_components': [], 'registered_directories': ['config', 'logs', 'gcodes', 'timelapse', 'timelapse_frames', 'config_examples', 'docs'], 'warnings': [], 'websocket_count': 2, 'moonraker_version': 'v0.9.3-130-g5b92e52', 'missing_klippy_requirements': [], 'api_version': [1, 5, 0], 'api_version_string': '1.5.0'}
2026-08-18 21:21:40,889 [printer.py:log_counts()] - Klipper version: v0.13.0-435-g8b58aa13-dirty
2026-08-18 21:21:40,889 [printer.py:log_counts()] - # Extruders: 1
2026-08-18 21:21:40,890 [printer.py:log_counts()] - # Temperature devices: 4
2026-08-18 21:21:40,890 [printer.py:log_counts()] - # Fans: 4
2026-08-18 21:21:40,891 [printer.py:log_counts()] - # Output pins: 1
2026-08-18 21:21:40,891 [printer.py:log_counts()] - # PWM tools: 0
2026-08-18 21:21:40,892 [printer.py:log_counts()] - # Leds: 2
2026-08-18 21:21:41,137 [KlippyWebsocket.py:object_subscription()] - Sending printer.objects.subscribe
2026-08-18 21:21:41,139 [files.py:set_gcodes_path()] - Gcodes path: /home/biqu/printer_data/gcodes
2026-08-18 21:21:41,140 [screen.py:init_klipper()] - Printer initialized
2026-08-18 21:21:41,142 [printer.py:change_state()] - Changing state from 'disconnected' to 'startup'
2026-08-18 21:21:41,142 [printer.py:change_state()] - Adding callback for state: startup
2026-08-18 21:21:41,226 [screen.py:set_dpms_timeout()] - DPMS on :0 set to: 3600
2026-08-18 21:21:41,226 [screen.py:set_screenblanking_timeout()] - Blanking timeout: 3600
2026-08-18 21:21:44,414 [printer.py:change_state()] - Changing state from 'startup' to 'ready'
2026-08-18 21:21:44,414 [printer.py:change_state()] - Adding callback for state: ready
2026-08-18 21:21:44,461 [screen.py:set_dpms_timeout()] - DPMS on :0 set to: 3600
2026-08-18 21:21:44,462 [screen.py:set_screenblanking_timeout()] - Blanking timeout: 3600
2026-08-18 21:21:44,463 [KlippyWebsocket.py:get_file_list()] - Sending server.files.list
2026-08-18 21:21:44,467 [screen.py:_remove_all_panels()] - Removing all panels
2026-08-18 21:21:44,574 [screen.py:show_panel()] - Reinitializing panel main_menu
2026-08-18 21:21:44,718 [main_menu.py:__init__()] - ### Making MainMenu
2026-08-18 21:21:44,738 [main_menu.py:add_device()] - Adding device: extruder
2026-08-18 21:21:44,746 [main_menu.py:add_device()] - Adding device: heater_bed
2026-08-18 21:21:44,754 [main_menu.py:add_device()] - Adding device: temperature_sensor mcu_temp
2026-08-18 21:21:44,762 [main_menu.py:add_device()] - Adding device: temperature_sensor Host_temp
2026-08-18 21:21:44,772 [main_menu.py:add_device()] - Adding device: temperature_sensor Toolhead_Temp
2026-08-18 21:21:44,822 [menu.py:arrangeMenuItems()] - X > gcodes
2026-08-18 21:21:44,860 [screen.py:attach_panel()] - Current panel hierarchy: main_menu
2026-08-18 21:21:44,905 [printer.py:init_temp_store()] - Temp store: ['heater_bed', 'temperature_sensor mcu_temp', 'temperature_sensor Host_temp', 'temperature_sensor Toolhead_Temp', 'extruder']
2026-08-18 21:21:44,939 [screen.py:init_tempstore()] - Temperature store size: 1200
2026-08-18 21:41:47,048 [KlippyGtk.py:Dialog()] - Showing dialog KlipperScreen (width=1366, height=768)
2026-08-18 21:41:47,069 [KlippyGtk.py:remove_dialog()] - Removing Dialog
2026-08-18 21:41:47,106 [KlippyGtk.py:Dialog()] - Showing dialog KlipperScreen (width=1366, height=768)
2026-08-18 21:44:40,397 [KlippyGtk.py:remove_dialog()] - Removing Dialog
2026-08-18 21:44:40,464 [KlippyGtk.py:Dialog()] - Showing dialog KlipperScreen (width=1366, height=768)
2026-08-18 21:44:40,480 [KlippyGtk.py:remove_dialog()] - Removing Dialog
2026-08-18 21:44:40,513 [KlippyGtk.py:Dialog()] - Showing dialog KlipperScreen (width=1366, height=768)
2026-08-18 21:45:41,543 [printer.py:change_state()] - Changing state from 'ready' to 'disconnected'
2026-08-18 21:45:41,544 [printer.py:change_state()] - Adding callback for state: disconnected
2026-08-18 21:45:41,618 [screen.py:set_dpms_timeout()] - DPMS on :0 set to: 3600
2026-08-18 21:45:41,620 [screen.py:set_screenblanking_timeout()] - Blanking timeout: 3600
2026-08-18 21:45:41,621 [screen.py:state_disconnected()] - ### Going to disconnected
2026-08-18 21:45:41,623 [screen.py:_remove_all_panels()] - Removing all panels
2026-08-18 21:45:41,729 [KlippyGtk.py:remove_dialog()] - Removing Dialog
2026-08-18 21:45:41,730 [screen.py:show_panel()] - Reinitializing panel splash_screen
2026-08-18 21:45:41,774 [screen.py:attach_panel()] - Current panel hierarchy: splash_screen
2026-08-18 21:45:46,544 [screen.py:init_klipper()] - Moonraker info {'klippy_connected': True, 'klippy_state': 'startup', 'components': ['secrets', 'template', 'klippy_connection', 'jsonrpc', 'internal_transport', 'application', 'websockets', 'database', 'dbus_manager', 'file_manager', 'authorization', 'klippy_apis', 'shell_command', 'machine', 'data_store', 'proc_stats', 'job_state', 'job_queue', 'history', 'http_client', 'announcements', 'webcam', 'extensions', 'octoprint_compat', 'update_manager', 'timelapse'], 'failed_components': [], 'registered_directories': ['config', 'logs', 'gcodes', 'timelapse', 'timelapse_frames', 'config_examples', 'docs'], 'warnings': [], 'websocket_count': 3, 'moonraker_version': 'v0.9.3-130-g5b92e52', 'missing_klippy_requirements': [], 'api_version': [1, 5, 0], 'api_version_string': '1.5.0'}
2026-08-18 21:45:47,606 [printer.py:log_counts()] - Klipper version: v0.13.0-435-g8b58aa13-dirty
2026-08-18 21:45:47,606 [printer.py:log_counts()] - # Extruders: 1
2026-08-18 21:45:47,606 [printer.py:log_counts()] - # Temperature devices: 4
2026-08-18 21:45:47,607 [printer.py:log_counts()] - # Fans: 4
2026-08-18 21:45:47,607 [printer.py:log_counts()] - # Output pins: 1
2026-08-18 21:45:47,608 [printer.py:log_counts()] - # PWM tools: 0
2026-08-18 21:45:47,608 [printer.py:log_counts()] - # Leds: 2
2026-08-18 21:45:47,852 [KlippyWebsocket.py:object_subscription()] - Sending printer.objects.subscribe
2026-08-18 21:45:47,854 [files.py:set_gcodes_path()] - Gcodes path: /home/biqu/printer_data/gcodes
2026-08-18 21:45:47,854 [screen.py:init_klipper()] - Printer initialized
2026-08-18 21:45:47,856 [printer.py:change_state()] - Changing state from 'disconnected' to 'startup'
2026-08-18 21:45:47,857 [printer.py:change_state()] - Adding callback for state: startup
2026-08-18 21:45:47,931 [screen.py:set_dpms_timeout()] - DPMS on :0 set to: 3600
2026-08-18 21:45:47,932 [screen.py:set_screenblanking_timeout()] - Blanking timeout: 3600
2026-08-18 21:45:51,109 [printer.py:change_state()] - Changing state from 'startup' to 'ready'
2026-08-18 21:45:51,110 [printer.py:change_state()] - Adding callback for state: ready
2026-08-18 21:45:51,152 [screen.py:set_dpms_timeout()] - DPMS on :0 set to: 3600
2026-08-18 21:45:51,153 [screen.py:set_screenblanking_timeout()] - Blanking timeout: 3600
2026-08-18 21:45:51,153 [KlippyWebsocket.py:get_file_list()] - Sending server.files.list
2026-08-18 21:45:51,157 [screen.py:_remove_all_panels()] - Removing all panels
2026-08-18 21:45:51,261 [screen.py:show_panel()] - Reinitializing panel main_menu
2026-08-18 21:45:51,406 [main_menu.py:__init__()] - ### Making MainMenu
2026-08-18 21:45:51,457 [main_menu.py:add_device()] - Adding device: extruder
2026-08-18 21:45:51,466 [main_menu.py:add_device()] - Adding device: heater_bed
2026-08-18 21:45:51,473 [main_menu.py:add_device()] - Adding device: temperature_sensor mcu_temp
2026-08-18 21:45:51,481 [main_menu.py:add_device()] - Adding device: temperature_sensor Host_temp
2026-08-18 21:45:51,488 [main_menu.py:add_device()] - Adding device: temperature_sensor Toolhead_Temp
2026-08-18 21:45:51,525 [menu.py:arrangeMenuItems()] - X > gcodes
2026-08-18 21:45:51,537 [screen.py:attach_panel()] - Current panel hierarchy: main_menu
2026-08-18 21:45:51,575 [printer.py:init_temp_store()] - Temp store: ['heater_bed', 'temperature_sensor mcu_temp', 'temperature_sensor Host_temp', 'temperature_sensor Toolhead_Temp', 'extruder']
2026-08-18 21:45:51,601 [screen.py:init_tempstore()] - Temperature store size: 1200
2026-08-18 21:54:30,937 [printer.py:change_state()] - Changing state from 'ready' to 'disconnected'
2026-08-18 21:54:30,938 [printer.py:change_state()] - Adding callback for state: disconnected
2026-08-18 21:54:30,988 [screen.py:set_dpms_timeout()] - DPMS on :0 set to: 3600
2026-08-18 21:54:30,989 [screen.py:set_screenblanking_timeout()] - Blanking timeout: 3600
2026-08-18 21:54:30,989 [screen.py:state_disconnected()] - ### Going to disconnected
2026-08-18 21:54:30,991 [screen.py:_remove_all_panels()] - Removing all panels
2026-08-18 21:54:31,106 [screen.py:show_panel()] - Reinitializing panel splash_screen
2026-08-18 21:54:31,154 [screen.py:attach_panel()] - Current panel hierarchy: splash_screen
2026-08-18 21:54:35,542 [screen.py:init_klipper()] - Moonraker info {'klippy_connected': True, 'klippy_state': 'startup', 'components': ['secrets', 'template', 'klippy_connection', 'jsonrpc', 'internal_transport', 'application', 'websockets', 'database', 'dbus_manager', 'file_manager', 'authorization', 'klippy_apis', 'shell_command', 'machine', 'data_store', 'proc_stats', 'job_state', 'job_queue', 'history', 'http_client', 'announcements', 'webcam', 'extensions', 'octoprint_compat', 'update_manager', 'timelapse'], 'failed_components': [], 'registered_directories': ['config', 'logs', 'gcodes', 'timelapse', 'timelapse_frames', 'config_examples', 'docs'], 'warnings': [], 'websocket_count': 3, 'moonraker_version': 'v0.9.3-130-g5b92e52', 'missing_klippy_requirements': [], 'api_version': [1, 5, 0], 'api_version_string': '1.5.0'}
2026-08-18 21:54:37,669 [printer.py:log_counts()] - Klipper version: v0.13.0-435-g8b58aa13-dirty
2026-08-18 21:54:37,670 [printer.py:log_counts()] - # Extruders: 1
2026-08-18 21:54:37,670 [printer.py:log_counts()] - # Temperature devices: 4
2026-08-18 21:54:37,671 [printer.py:log_counts()] - # Fans: 4
2026-08-18 21:54:37,671 [printer.py:log_counts()] - # Output pins: 1
2026-08-18 21:54:37,672 [printer.py:log_counts()] - # PWM tools: 0
2026-08-18 21:54:37,672 [printer.py:log_counts()] - # Leds: 2
2026-08-18 21:54:37,920 [KlippyWebsocket.py:object_subscription()] - Sending printer.objects.subscribe
2026-08-18 21:54:37,922 [files.py:set_gcodes_path()] - Gcodes path: /home/biqu/printer_data/gcodes
2026-08-18 21:54:37,923 [screen.py:init_klipper()] - Printer initialized
2026-08-18 21:54:37,925 [printer.py:change_state()] - Changing state from 'disconnected' to 'startup'
2026-08-18 21:54:37,925 [printer.py:change_state()] - Adding callback for state: startup
2026-08-18 21:54:38,028 [screen.py:set_dpms_timeout()] - DPMS on :0 set to: 3600
2026-08-18 21:54:38,029 [screen.py:set_screenblanking_timeout()] - Blanking timeout: 3600
2026-08-18 21:54:41,173 [printer.py:change_state()] - Changing state from 'startup' to 'ready'
2026-08-18 21:54:41,174 [printer.py:change_state()] - Adding callback for state: ready
2026-08-18 21:54:41,217 [screen.py:set_dpms_timeout()] - DPMS on :0 set to: 3600
2026-08-18 21:54:41,218 [screen.py:set_screenblanking_timeout()] - Blanking timeout: 3600
2026-08-18 21:54:41,219 [KlippyWebsocket.py:get_file_list()] - Sending server.files.list
2026-08-18 21:54:41,223 [screen.py:_remove_all_panels()] - Removing all panels
2026-08-18 21:54:41,329 [screen.py:show_panel()] - Reinitializing panel main_menu
2026-08-18 21:54:41,471 [main_menu.py:__init__()] - ### Making MainMenu
2026-08-18 21:54:41,490 [main_menu.py:add_device()] - Adding device: extruder
2026-08-18 21:54:41,536 [main_menu.py:add_device()] - Adding device: heater_bed
2026-08-18 21:54:41,543 [main_menu.py:add_device()] - Adding device: temperature_sensor mcu_temp
2026-08-18 21:54:41,551 [main_menu.py:add_device()] - Adding device: temperature_sensor Host_temp
2026-08-18 21:54:41,558 [main_menu.py:add_device()] - Adding device: temperature_sensor Toolhead_Temp
2026-08-18 21:54:41,596 [menu.py:arrangeMenuItems()] - X > gcodes
2026-08-18 21:54:41,607 [screen.py:attach_panel()] - Current panel hierarchy: main_menu
2026-08-18 21:54:41,646 [printer.py:init_temp_store()] - Temp store: ['heater_bed', 'temperature_sensor mcu_temp', 'temperature_sensor Host_temp', 'temperature_sensor Toolhead_Temp', 'extruder']
2026-08-18 21:54:41,670 [screen.py:init_tempstore()] - Temperature store size: 1200
2026-08-18 22:19:50,484 [KlippyGtk.py:Dialog()] - Showing dialog KlipperScreen (width=1366, height=768)
2026-08-18 22:19:50,496 [KlippyGtk.py:remove_dialog()] - Removing Dialog
2026-08-18 22:19:50,529 [KlippyGtk.py:Dialog()] - Showing dialog KlipperScreen (width=1366, height=768)
2026-08-18 22:19:54,902 [printer.py:change_state()] - Changing state from 'ready' to 'disconnected'
2026-08-18 22:19:54,903 [printer.py:change_state()] - Adding callback for state: disconnected
2026-08-18 22:19:54,945 [screen.py:set_dpms_timeout()] - DPMS on :0 set to: 3600
2026-08-18 22:19:54,946 [screen.py:set_screenblanking_timeout()] - Blanking timeout: 3600
2026-08-18 22:19:54,946 [screen.py:state_disconnected()] - ### Going to disconnected
2026-08-18 22:19:54,948 [screen.py:_remove_all_panels()] - Removing all panels
2026-08-18 22:19:55,057 [KlippyGtk.py:remove_dialog()] - Removing Dialog
2026-08-18 22:19:55,057 [screen.py:show_panel()] - Reinitializing panel splash_screen
2026-08-18 22:19:55,099 [screen.py:attach_panel()] - Current panel hierarchy: splash_screen
2026-08-18 22:19:59,547 [screen.py:init_klipper()] - Moonraker info {'klippy_connected': True, 'klippy_state': 'startup', 'components': ['secrets', 'template', 'klippy_connection', 'jsonrpc', 'internal_transport', 'application', 'websockets', 'database', 'dbus_manager', 'file_manager', 'authorization', 'klippy_apis', 'shell_command', 'machine', 'data_store', 'proc_stats', 'job_state', 'job_queue', 'history', 'http_client', 'announcements', 'webcam', 'extensions', 'octoprint_compat', 'update_manager', 'timelapse'], 'failed_components': [], 'registered_directories': ['config', 'logs', 'gcodes', 'timelapse', 'timelapse_frames', 'config_examples', 'docs'], 'warnings': [], 'websocket_count': 3, 'moonraker_version': 'v0.9.3-130-g5b92e52', 'missing_klippy_requirements': [], 'api_version': [1, 5, 0], 'api_version_string': '1.5.0'}
2026-08-18 22:20:01,042 [printer.py:log_counts()] - Klipper version: v0.13.0-435-g8b58aa13-dirty
2026-08-18 22:20:01,043 [printer.py:log_counts()] - # Extruders: 1
2026-08-18 22:20:01,043 [printer.py:log_counts()] - # Temperature devices: 4
2026-08-18 22:20:01,044 [printer.py:log_counts()] - # Fans: 4
2026-08-18 22:20:01,044 [printer.py:log_counts()] - # Output pins: 1
2026-08-18 22:20:01,044 [printer.py:log_counts()] - # PWM tools: 0
2026-08-18 22:20:01,045 [printer.py:log_counts()] - # Leds: 2
2026-08-18 22:20:01,288 [KlippyWebsocket.py:object_subscription()] - Sending printer.objects.subscribe
2026-08-18 22:20:01,290 [files.py:set_gcodes_path()] - Gcodes path: /home/biqu/printer_data/gcodes
2026-08-18 22:20:01,290 [screen.py:init_klipper()] - Printer initialized
2026-08-18 22:20:01,293 [printer.py:change_state()] - Changing state from 'disconnected' to 'startup'
2026-08-18 22:20:01,293 [printer.py:change_state()] - Adding callback for state: startup
2026-08-18 22:20:01,381 [screen.py:set_dpms_timeout()] - DPMS on :0 set to: 3600
2026-08-18 22:20:01,382 [screen.py:set_screenblanking_timeout()] - Blanking timeout: 3600
2026-08-18 22:20:04,554 [printer.py:change_state()] - Changing state from 'startup' to 'ready'
2026-08-18 22:20:04,554 [printer.py:change_state()] - Adding callback for state: ready
2026-08-18 22:20:04,599 [screen.py:set_dpms_timeout()] - DPMS on :0 set to: 3600
2026-08-18 22:20:04,600 [screen.py:set_screenblanking_timeout()] - Blanking timeout: 3600
2026-08-18 22:20:04,601 [KlippyWebsocket.py:get_file_list()] - Sending server.files.list
2026-08-18 22:20:04,606 [screen.py:_remove_all_panels()] - Removing all panels
2026-08-18 22:20:04,713 [screen.py:show_panel()] - Reinitializing panel main_menu
2026-08-18 22:20:04,854 [main_menu.py:__init__()] - ### Making MainMenu
2026-08-18 22:20:04,873 [main_menu.py:add_device()] - Adding device: extruder
2026-08-18 22:20:04,881 [main_menu.py:add_device()] - Adding device: heater_bed
2026-08-18 22:20:04,897 [main_menu.py:add_device()] - Adding device: temperature_sensor mcu_temp
2026-08-18 22:20:04,942 [main_menu.py:add_device()] - Adding device: temperature_sensor Host_temp
2026-08-18 22:20:04,949 [main_menu.py:add_device()] - Adding device: temperature_sensor Toolhead_Temp
2026-08-18 22:20:04,989 [menu.py:arrangeMenuItems()] - X > gcodes
2026-08-18 22:20:05,007 [screen.py:attach_panel()] - Current panel hierarchy: main_menu
2026-08-18 22:20:05,046 [printer.py:init_temp_store()] - Temp store: ['heater_bed', 'temperature_sensor mcu_temp', 'temperature_sensor Host_temp', 'temperature_sensor Toolhead_Temp', 'extruder']
2026-08-18 22:20:05,072 [screen.py:init_tempstore()] - Temperature store size: 1200
2026-08-18 22:20:16,035 [KlippyGtk.py:Dialog()] - Showing dialog KlipperScreen (width=1366, height=768)
2026-08-18 22:20:16,047 [KlippyGtk.py:remove_dialog()] - Removing Dialog
2026-08-18 22:20:16,086 [KlippyGtk.py:Dialog()] - Showing dialog KlipperScreen (width=1366, height=768)
2026-08-18 22:20:24,813 [printer.py:change_state()] - Changing state from 'ready' to 'disconnected'
2026-08-18 22:20:24,813 [printer.py:change_state()] - Adding callback for state: disconnected
2026-08-18 22:20:24,855 [screen.py:set_dpms_timeout()] - DPMS on :0 set to: 3600
2026-08-18 22:20:24,856 [screen.py:set_screenblanking_timeout()] - Blanking timeout: 3600
2026-08-18 22:20:24,856 [screen.py:state_disconnected()] - ### Going to disconnected
2026-08-18 22:20:24,857 [screen.py:_remove_all_panels()] - Removing all panels
2026-08-18 22:20:24,966 [KlippyGtk.py:remove_dialog()] - Removing Dialog
2026-08-18 22:20:24,966 [screen.py:show_panel()] - Reinitializing panel splash_screen
2026-08-18 22:20:25,007 [screen.py:attach_panel()] - Current panel hierarchy: splash_screen
2026-08-18 22:20:29,546 [screen.py:init_klipper()] - Moonraker info {'klippy_connected': True, 'klippy_state': 'startup', 'components': ['secrets', 'template', 'klippy_connection', 'jsonrpc', 'internal_transport', 'application', 'websockets', 'database', 'dbus_manager', 'file_manager', 'authorization', 'klippy_apis', 'shell_command', 'machine', 'data_store', 'proc_stats', 'job_state', 'job_queue', 'history', 'http_client', 'announcements', 'webcam', 'extensions', 'octoprint_compat', 'update_manager', 'timelapse'], 'failed_components': [], 'registered_directories': ['config', 'logs', 'gcodes', 'timelapse', 'timelapse_frames', 'config_examples', 'docs'], 'warnings': [], 'websocket_count': 3, 'moonraker_version': 'v0.9.3-130-g5b92e52', 'missing_klippy_requirements': [], 'api_version': [1, 5, 0], 'api_version_string': '1.5.0'}
2026-08-18 22:20:31,089 [printer.py:log_counts()] - Klipper version: v0.13.0-435-g8b58aa13-dirty
2026-08-18 22:20:31,090 [printer.py:log_counts()] - # Extruders: 1
2026-08-18 22:20:31,090 [printer.py:log_counts()] - # Temperature devices: 4
2026-08-18 22:20:31,091 [printer.py:log_counts()] - # Fans: 4
2026-08-18 22:20:31,091 [printer.py:log_counts()] - # Output pins: 1
2026-08-18 22:20:31,092 [printer.py:log_counts()] - # PWM tools: 0
2026-08-18 22:20:31,092 [printer.py:log_counts()] - # Leds: 2
2026-08-18 22:20:31,321 [KlippyWebsocket.py:object_subscription()] - Sending printer.objects.subscribe
2026-08-18 22:20:31,323 [files.py:set_gcodes_path()] - Gcodes path: /home/biqu/printer_data/gcodes
2026-08-18 22:20:31,324 [screen.py:init_klipper()] - Printer initialized
2026-08-18 22:20:31,326 [printer.py:change_state()] - Changing state from 'disconnected' to 'startup'
2026-08-18 22:20:31,326 [printer.py:change_state()] - Adding callback for state: startup
2026-08-18 22:20:31,414 [screen.py:set_dpms_timeout()] - DPMS on :0 set to: 3600
2026-08-18 22:20:31,415 [screen.py:set_screenblanking_timeout()] - Blanking timeout: 3600
2026-08-18 22:20:34,572 [printer.py:change_state()] - Changing state from 'startup' to 'ready'
2026-08-18 22:20:34,573 [printer.py:change_state()] - Adding callback for state: ready
2026-08-18 22:20:34,622 [screen.py:set_dpms_timeout()] - DPMS on :0 set to: 3600
2026-08-18 22:20:34,623 [screen.py:set_screenblanking_timeout()] - Blanking timeout: 3600
2026-08-18 22:20:34,624 [KlippyWebsocket.py:get_file_list()] - Sending server.files.list
2026-08-18 22:20:34,627 [screen.py:_remove_all_panels()] - Removing all panels
2026-08-18 22:20:34,740 [screen.py:show_panel()] - Reinitializing panel main_menu
2026-08-18 22:20:34,894 [main_menu.py:__init__()] - ### Making MainMenu
2026-08-18 22:20:34,954 [main_menu.py:add_device()] - Adding device: extruder
2026-08-18 22:20:34,962 [main_menu.py:add_device()] - Adding device: heater_bed
2026-08-18 22:20:34,969 [main_menu.py:add_device()] - Adding device: temperature_sensor mcu_temp
2026-08-18 22:20:34,977 [main_menu.py:add_device()] - Adding device: temperature_sensor Host_temp
2026-08-18 22:20:34,984 [main_menu.py:add_device()] - Adding device: temperature_sensor Toolhead_Temp
2026-08-18 22:20:35,021 [menu.py:arrangeMenuItems()] - X > gcodes
2026-08-18 22:20:35,032 [screen.py:attach_panel()] - Current panel hierarchy: main_menu
2026-08-18 22:20:35,072 [printer.py:init_temp_store()] - Temp store: ['heater_bed', 'temperature_sensor mcu_temp', 'temperature_sensor Host_temp', 'temperature_sensor Toolhead_Temp', 'extruder']
2026-08-18 22:20:35,100 [screen.py:init_tempstore()] - Temperature store size: 1200
2026-08-18 22:22:09,862 [printer.py:change_state()] - Changing state from 'ready' to 'printing'
2026-08-18 22:22:09,862 [printer.py:change_state()] - Adding callback for state: printing
2026-08-18 22:22:09,922 [screen.py:set_dpms_timeout()] - DPMS on :0 set to: 3600
2026-08-18 22:22:09,923 [screen.py:set_screenblanking_timeout()] - Blanking timeout: 3600
2026-08-18 22:22:09,924 [screen.py:_remove_all_panels()] - Removing all panels
2026-08-18 22:22:10,039 [screen.py:_load_panel()] - Loading panel: job_status
2026-08-18 22:22:19,625 [screen.py:attach_panel()] - Current panel hierarchy: job_status
2026-08-18 22:22:19,644 [job_status.py:set_state()] - Changing job_status state from 'standby' to 'printing'
2026-08-18 22:22:19,706 [job_status.py:update_filename()] - Updating filename to Doctor Pen Holder_PLA_0.3_2h46m.gcode
2026-08-18 22:22:19,707 [job_status.py:_update_file_metadata()] - Update Metadata. File: Doctor Pen Holder_PLA_0.3_2h46m.gcode Size: 22907530
2026-08-18 22:23:40,405 [screen.py:show_popup_message()] - error: // Unknown command:"T0"
2026-08-18 22:24:01,614 [KlippyGtk.py:Dialog()] - Showing dialog Cancel (width=1366, height=768)
2026-08-18 22:24:02,718 [KlippyGtk.py:remove_dialog()] - Removing Dialog
2026-08-18 22:24:02,719 [job_status.py:cancel_confirm()] - Canceling print
2026-08-18 22:24:02,724 [job_status.py:set_state()] - Changing job_status state from 'printing' to 'cancelling'
2026-08-18 22:24:02,734 [KlippyWebsocket.py:print_cancel()] - Sending printer.print.cancel
2026-08-18 22:24:03,167 [printer.py:change_state()] - Changing state from 'printing' to 'ready'
2026-08-18 22:24:03,168 [printer.py:change_state()] - Adding callback for state: ready
2026-08-18 22:24:03,184 [job_status.py:set_state()] - Changing job_status state from 'cancelling' to 'cancelled'
2026-08-18 22:24:03,358 [screen.py:set_dpms_timeout()] - DPMS on :0 set to: 3600
2026-08-18 22:24:03,359 [screen.py:set_screenblanking_timeout()] - Blanking timeout: 3600
2026-08-18 22:24:07,281 [screen.py:show_popup_message()] - error: Unknown gcode_macro variable 'record_extruder_temp'
2026-08-18 22:24:10,115 [job_status.py:close_panel()] - Closing job_status panel
2026-08-18 22:24:10,116 [KlippyWebsocket.py:get_file_list()] - Sending server.files.list
2026-08-18 22:24:10,120 [screen.py:_remove_all_panels()] - Removing all panels
2026-08-18 22:24:10,236 [screen.py:show_panel()] - Reinitializing panel main_menu
2026-08-18 22:24:10,375 [main_menu.py:__init__()] - ### Making MainMenu
2026-08-18 22:24:10,392 [main_menu.py:add_device()] - Adding device: extruder
2026-08-18 22:24:10,436 [main_menu.py:add_device()] - Adding device: heater_bed
2026-08-18 22:24:10,447 [main_menu.py:add_device()] - Adding device: temperature_sensor mcu_temp
2026-08-18 22:24:10,456 [main_menu.py:add_device()] - Adding device: temperature_sensor Host_temp
2026-08-18 22:24:10,469 [main_menu.py:add_device()] - Adding device: temperature_sensor Toolhead_Temp
2026-08-18 22:24:10,517 [menu.py:arrangeMenuItems()] - X > gcodes
2026-08-18 22:24:10,533 [screen.py:attach_panel()] - Current panel hierarchy: main_menu
2026-08-18 22:24:54,914 [printer.py:change_state()] - Changing state from 'ready' to 'disconnected'
2026-08-18 22:24:54,915 [printer.py:change_state()] - Adding callback for state: disconnected
2026-08-18 22:24:54,957 [screen.py:set_dpms_timeout()] - DPMS on :0 set to: 3600
2026-08-18 22:24:54,958 [screen.py:set_screenblanking_timeout()] - Blanking timeout: 3600
2026-08-18 22:24:54,959 [screen.py:state_disconnected()] - ### Going to disconnected
2026-08-18 22:24:54,960 [screen.py:_remove_all_panels()] - Removing all panels
2026-08-18 22:24:55,065 [screen.py:show_panel()] - Reinitializing panel splash_screen
2026-08-18 22:24:55,110 [screen.py:attach_panel()] - Current panel hierarchy: splash_screen
2026-08-18 22:24:59,544 [screen.py:init_klipper()] - Moonraker info {'klippy_connected': True, 'klippy_state': 'startup', 'components': ['secrets', 'template', 'klippy_connection', 'jsonrpc', 'internal_transport', 'application', 'websockets', 'database', 'dbus_manager', 'file_manager', 'authorization', 'klippy_apis', 'shell_command', 'machine', 'data_store', 'proc_stats', 'job_state', 'job_queue', 'history', 'http_client', 'announcements', 'webcam', 'extensions', 'octoprint_compat', 'update_manager', 'timelapse'], 'failed_components': [], 'registered_directories': ['config', 'logs', 'gcodes', 'timelapse', 'timelapse_frames', 'config_examples', 'docs'], 'warnings': [], 'websocket_count': 4, 'moonraker_version': 'v0.9.3-130-g5b92e52', 'missing_klippy_requirements': [], 'api_version': [1, 5, 0], 'api_version_string': '1.5.0'}
2026-08-18 22:25:01,057 [printer.py:log_counts()] - Klipper version: v0.13.0-435-g8b58aa13-dirty
2026-08-18 22:25:01,058 [printer.py:log_counts()] - # Extruders: 1
2026-08-18 22:25:01,058 [printer.py:log_counts()] - # Temperature devices: 4
2026-08-18 22:25:01,058 [printer.py:log_counts()] - # Fans: 4
2026-08-18 22:25:01,059 [printer.py:log_counts()] - # Output pins: 1
2026-08-18 22:25:01,059 [printer.py:log_counts()] - # PWM tools: 0
2026-08-18 22:25:01,060 [printer.py:log_counts()] - # Leds: 2
2026-08-18 22:25:01,303 [KlippyWebsocket.py:object_subscription()] - Sending printer.objects.subscribe
2026-08-18 22:25:01,305 [files.py:set_gcodes_path()] - Gcodes path: /home/biqu/printer_data/gcodes
2026-08-18 22:25:01,305 [screen.py:init_klipper()] - Printer initialized
2026-08-18 22:25:01,307 [printer.py:change_state()] - Changing state from 'disconnected' to 'startup'
2026-08-18 22:25:01,308 [printer.py:change_state()] - Adding callback for state: startup
2026-08-18 22:25:01,410 [screen.py:set_dpms_timeout()] - DPMS on :0 set to: 3600
2026-08-18 22:25:01,411 [screen.py:set_screenblanking_timeout()] - Blanking timeout: 3600
2026-08-18 22:25:04,537 [printer.py:change_state()] - Changing state from 'startup' to 'ready'
2026-08-18 22:25:04,538 [printer.py:change_state()] - Adding callback for state: ready
2026-08-18 22:25:04,580 [screen.py:set_dpms_timeout()] - DPMS on :0 set to: 3600
2026-08-18 22:25:04,581 [screen.py:set_screenblanking_timeout()] - Blanking timeout: 3600
2026-08-18 22:25:04,581 [KlippyWebsocket.py:get_file_list()] - Sending server.files.list
2026-08-18 22:25:04,586 [screen.py:_remove_all_panels()] - Removing all panels
2026-08-18 22:25:04,696 [screen.py:show_panel()] - Reinitializing panel main_menu
2026-08-18 22:25:04,846 [main_menu.py:__init__()] - ### Making MainMenu
2026-08-18 22:25:04,903 [main_menu.py:add_device()] - Adding device: extruder
2026-08-18 22:25:04,910 [main_menu.py:add_device()] - Adding device: heater_bed
2026-08-18 22:25:04,917 [main_menu.py:add_device()] - Adding device: temperature_sensor mcu_temp
2026-08-18 22:25:04,924 [main_menu.py:add_device()] - Adding device: temperature_sensor Host_temp
2026-08-18 22:25:04,932 [main_menu.py:add_device()] - Adding device: temperature_sensor Toolhead_Temp
2026-08-18 22:25:04,969 [menu.py:arrangeMenuItems()] - X > gcodes
2026-08-18 22:25:04,980 [screen.py:attach_panel()] - Current panel hierarchy: main_menu
2026-08-18 22:25:05,019 [printer.py:init_temp_store()] - Temp store: ['heater_bed', 'temperature_sensor mcu_temp', 'temperature_sensor Host_temp', 'temperature_sensor Toolhead_Temp', 'extruder']
2026-08-18 22:25:05,042 [screen.py:init_tempstore()] - Temperature store size: 1200
